playlist_id,playlist_title,published_at,item_count,video_ids,playlist_label
PL8_8tSGm7y1ASguY90xOz4mKhCVp_-b0s,2025 랜필 에피소드,2025-03-26T12:56:14.141814Z,4,"eBObfPdWcAU, usNfPy6l4XE, XO0yAquSvL0, sgvH9q1ik10",playlist_1
PL8_8tSGm7y1Anpgk0vKY5vT9QbIbWk6qX,2025 승리의 하이라이트,2025-03-08T09:09:20.114229Z,27,"l2_O4Nb4JDk, J_B4oTeBwfU, CpwLWzMg3GQ, qA5Uf_p1O78, 2R0Ql_IEhHg, jUmytdg6ixs, xs0BT_hYHWM, wYgbqCTFuiA, kkKJLdE2mr0, 6OYSh1kIQ0w, HffGn0Yr6OI, SjI5l7GGyEQ, 5WNNZmlfdMw, Cc2SlUK1mS4, 34S9ucTEzQ8, qnzFIOyUPXg, ngiJ6kVkcqI, oV8SORuVbqk, VctLua8rwG0, dE0176tbXag, ItcYOPAc8uM, 6k2mOa9SGsg, 2vw1Z1DeEU8, vG8sQJiMXfk, z_zHFo69yXI, imJKEgU46Fg",playlist_2
PL8_8tSGm7y1CAjHs4S-LTPK8GtXblSTJD,2025 스프링캠프,2025-01-24T22:18:26.470815Z,85,"1uECOnbH1wE, 1qaayj4cRSQ, p0KblYTnKos, Ar2tfk3Dogk, ENNNyIJjPKI, fPE8-3R_pXs, YXv8XnwVf3E, 82SJTPy5I7M, re7QECfq4mk, 5S8l4HipxBQ, Uh0bLVDE0xk, hQnlVsQbyuI, 3Nt5C8Ymd20, ioBJr2ypa1U, fewSl4LhL50, rCV9aFIOLmE, WRuriBbaxek, P3SqirJqvDw, -zqZitg8TtY, NsmYOf7K1aU, i3dmV_7wOZc, qQIq7Ni5jyE, iR9u2Y6jP84, 33gb4pjhSx4, 1SitRmrv_uA, A3aRyz6P-S4, 1kNkiywTP_M, REw8xwsC51M, X-PHOseybhE, 2H4lzceJ6PY, HAd4G4aQsho, 89royhN7b6s, jDsbunIpfo4, 7LpwJkCuxao, tdRE09ktyNw, ksTRFLeihVY, WszpyWseRko, 6gVJw9CsYD4, 4oRVQG8WEJc, MQ7Ktlp5dfk, -qcyQRlGAhU, 2sdJuXltKLE, x2-83v1TddM, pCIEUsPznXg, Enxt4h_f7k0, KxSvv6LbW90, FJYizBDe778, uIiZXD7nHqc, uwnAJY31K88, KGl9x1OsjiY, bqG8ShHKP_k, z_CyBRLnKAM, -i0UV69CgBY, 0j1HdT5jpP0, Nd2rlyVHT6Y, Oz3Rl74IDaA, 5raFJw9O_Ms, 9cWeadcE7iI, ByLImKDhK_c, yZFJ8VVRcRc, RSYY7aJFwws, HzoqtIwYlwg, LAcXTVSA_dU, wZF522d2om0, scZ4bgP1b1M, i8Q9LeRjkhw, Y3wPLlQpWrU, Xi5-dPbawCY, ItKM7yAaPnc, PI_Akdm07yU, ceG61nJrPVE, p3jxVHYFNY0, pK4LHlzVuq4, gYOJ8CRO_3s, PhrJUkk-uWI, iSG6PPOvVN4, N1sGlpmq_U4, R6LhOGAoG2Y, 01hjuumkrmc, jrBZkldoER8, YtbdhyMCLMA, xYAU2qfzJ3Q, gz-rYNwQ3Ak, QYTovBNdDx8",playlist_3
PL8_8tSGm7y1AK_ZmMRPSR9qG-Dx9XmecJ,24-25 랜더스 OFF-SEASON,2024-10-23T02:59:56.234409Z,32,"z8HBd7Ujkek, Hhyt4e3vMNg, Nn8MHuml-mk, 99jhaS6Tb48, 0AV2Kj2HMto, -yuxqn8HRK0, qfPgGZrmlEU, jpNX6nrKanA, MhQNbAjg9BA, AMjcwtdpsBI, zGflinSyR8M, Y1AbH63-3t4, shNmzb8t6nQ, 9lD_HU_h2Sw, AKfSyfT1uwM, aKY0QNYftAY, t27yF9EylJg, VxveiC1M1Vw, 9ldlrXMf3zo, LI1sfCC49HU, 1Qg6EUnteXY, DfXId927Q6U, 25Ir7tclw0Q, SZs-wgZua0Q, 2IUMhOfQ_xk, pS-TZvA0FhU, RaOpm3ExEI8, 6EDahJiKTxA, EEj5GDufAs4, lvAe3g-Ebf4, kNTHsEhWT4Q, DSmVper17NA",playlist_4
PL8_8tSGm7y1DW5kee6OVsHJq_F-QhtN1o,2024 투수조 야구 게임🔥,2024-10-23T01:54:24.010995Z,4,"KYf4iu1tp6g, 6EDahJiKTxA, wmt0Hd2KiMk, kNTHsEhWT4Q",playlist_5
PL8_8tSGm7y1AeNV-LsTgImSvbEscF9RTO,LEGENDARY 468,2024-04-25T11:04:19.145411Z,25,"-6UXbF82h7c, 1JOh4ubsAUE, 4BrLnLAvWwM, 6dDhMDN7prw, W7RZCn3NWJw, _uZn0ivchQc, lTg1z6WjcKQ, swAzLF9zN7I, u6NdU019Kaw, 5GN2WJJap1k, 6Ybp9Y3vEcs, GSIfN7kHOmw, aHP3ixY27Gs, cKeSrzctZYk, hx_Sj8ccbT4, jsDGx_KK9E8, ofRuLe5Bbck, TZC7zrqWdc0, qk5iswzKWNY, zCsx35JsjHs, po1_jiKigJ4, 4ap-DL2Keqc, pKSZa34egHE, 0HQFHpgqQMg, SZs-wgZua0Q",playlist_6
PL8_8tSGm7y1DqAetOonJHE2g2OoJxs-TW,조병현 하이라이트,2024-04-10T02:02:08.381168Z,6,"FFjW7yVrZYE, YGR98EnvTig, n8OZDbHFrvw, 6s2dHcOkPZQ, 8UfXkMfVcws, 88NJXEYg0oU",playlist_7
PL8_8tSGm7y1Ch1SD1QEIdrF6AhZp9cG5N,2024 승리의 하이라이트,2024-03-11T07:13:03.883068Z,77,"z5lYpa7e-aI, YgdcmL3wlvM, sf20OMGCI50, 3lBrMnPafsE, fLwgGgZiw0g, JfBZ1eH9VVU, LDXjrQUUFr4, tuMlx2YyyUw, Zxyl50e9qec, l_d96YYq6y0, k8c1ZfcFwB4, r2k_opX-gUE, 8lSXSRhgl4Y, n6w50J38hro, LT9_laxHTKc, 4ofeLkPRs68, lN5n0X-j0RQ, FjUobEic-C4, PYvV5sVUq-k, 1JOh4ubsAUE, f70_NtzC5UA, jCTy09wJd9s, 8wGjJrj8TiY, J-rtJDmwSiM, AGTelRM6m2M, iHI0TOIM-NM, 6fwIrWIrUF8, BxAW1PpAs_k, 1XsLihDCe_8, xv0WwZ1o1DA, 5058JNsTN6k, I8pBCNc7qoA, j8dD3ukxDRY, kVGWYPm-Jw4, 3qKdXaE6Aqo, CrP0J-KiAnw, O4q6fEeE8CU, plMdJHiDPyU, PN_ebv26Vq8, D8qixjJd9Po, 1mUhJZRG2g8, pl21qjkVzjg, bxkrvDpS5iQ, TOflvBAKJ5k, s4INWx-JI4A, Km5bBHq7Bck, i-uhJcXDl9M, iOJruasx4Zk, l-x7kjRzSnY, a8K1rcH8Sao, 4Lt0bjRh2_I, ned3y5UfW6U, W4AxsE1-5dA, EGn3ELqC0gc, 3nd9laW9c5Y, 60HKf7R95cQ, RwSoNxKHmz0, Y7YKY_G226g, oTGhge0-4WY, mwqMoWodbNU, GCZAr7xkgHk, iUXgXuSUT3o, 59ZZwaId8Ys, qO1VNWAhh3s, 9UaJ6A-OEWg, ZQKwKTngrI4, amQkZe1U8jg, zRoZN_ngx8A, J30N3OmthW8, D2Amnaxl8mU, dlVRTDWihVQ, NvsaeK_LHhA, BCWaJKYTdV8, 9aG5aS3nmS0, uLFEmetmslE, fS6hTgWPsFQ, 5LhJHaTQrk4",playlist_8
PL8_8tSGm7y1D4cgMXe1FHcQJGRU2sYQcw,2024 스프링캠프,2024-02-06T08:05:17.906982Z,87,"fJSLQXYpULM, YqpNoGB0ioo, tsqjb0wJo-4, rqkXniNvDrQ, 6TGko51-NjU, -KwpYuVoIAg, T68y_vtDAYA, -rDkFPrym90, 8uhNv3IQRkQ, Oj-3A-c1zR4, tKBUMXP5Ilw, CNfIh2zRXJY, GUoYZShupuo, ceGR051kYJM, OSKw3uhk7DM, G5yOMdidnSU, og1RYF5gm9g, 6LBKvLpjV-I, 6RWPWRn-yfc, YvVy4GjZKsY, xO0T-8Z7bpY, oFdU7wPjghU, PrcGuYexZ-w, 4zDHJ-gIDUM, yuSNrqnjPO0, EOGPrYWFn8M, TF8uUPhZ_AQ, GD72y3-eYqo, uKAxGX4R_fQ, K4hjeRvZ7h0, WZGph1NMuLs, vFlxlepknSg, 0TDLbJyeIEM, 1IGwaFF_j0c, 2nEC4nl2CUs, 3I7x4DB3EJc, 4DzGwSMi8_0, 6KvbeaOOQUw, 6LBKvLpjV-I, 7SBc4RFgcak, CNfIh2zRXJY, FGKJwwzFoJg, G5yOMdidnSU, PrcGuYexZ-w, T68y_vtDAYA, YvVy4GjZKsY, ZBW8ZsTQ_aw, ZXAkQzECOY0, g2jMEvKj6N4, oFdU7wPjghU, og1RYF5gm9g, pTgDJ6bRSQk, tKBUMXP5Ilw, tsqjb0wJo-4, vFlxlepknSg, Kf_TUUMKdLo, dKOy9dITh4A, XZO51mCo5X8, SsfCPPXTTww, b2SnzK8tcQo, GSWrZF-H3QA, LElQLeSJoAA, 2YRYjOx0Do8, qR3VGlo7Wlo, swh83wlHOjs, MTflRQ5ohxw, j5RN5qDqR9A, JNaWYT9yBQ0, 37vzNrVDu5E, uLTU2lJvXDo, l-jwxt4XkmI, l3HKHTYkPX4, C3bTnGHj-xI, Jqs-rGuobso, B9TfwtR7TQ0, arFTjq1hzbI, o7P8P3lIgUA, CPAk7sfgGW4, lH-ysbdr7XA, hcUty9fYtjY, GrIP6jFjC00, ng924bDPtPQ, 6hIEImPnsXU, rvHKg0phDEA, Ne3jTvAK_2E, xk7QBUQ4C_w, yRFhg3E_A-w",playlist_9
PL8_8tSGm7y1BFBaRS8wDu-WgTADcLYmVJ,2024 랜필 에피소드,2024-01-15T09:03:03.006801Z,220,"6EDahJiKTxA, EEj5GDufAs4, lvAe3g-Ebf4, ytyy62GJ-_s, kNTHsEhWT4Q, DSmVper17NA, uLruvxczeGo, petO0nhCM_w, 20Ti9TUC5s4, di6YTaEhw6k, 1kDZiugKO_o, 7oo_X69B0TA, FloD5d8sJDg, bsMIK1knNzI, Dqz_907T85A, llii_PqZpjo, Z3W-TIBumKY, 0HOkAcys7nM, pc3k9ou0ag4, 2NJKQ9EVdNY, b5DXW1GQ--U, lR-58537pos, DJXEsxltUjA, ysqhN4Jwi_o, Ev52W1wkxBs, ckVC_u19-dY, outTbgUNcA4, iAz8kuYRAgU, BB79ZFn2lzM, W7lCdMSewAM, uRSj72zsNZE, YDayd4EWUXc, KtO5b-t_DKk, eTWhnkXKRnA, Cp1Fx2E6FOY, USWDyn58YjE, cFz7MyaQ9pM, x2gDKjG893M, 49TXS6ePr_k, 8y6ZJgwRxK0, LqT-EBDEros, M4E1srFC0wg, 4q3I6WZcZM4, 20m0O04TJ_s, 6GUJwweDJ2U, G_OrcYR1T2c, UU5eaD2FRo4, Vcn1UsbGITQ, FJpDMKuy38Q, Nlyo3q0DdGg, AE0WbkMQ6-c, x_uYPG-9qH0, Ctac3Z2mDsU, 7rkxiozDhlM, oRvF6c9Bq3g, 4-YsL339IJc, 16fF7qoUKSQ, AZ0ESAYlhfc, Do5T3iGRO20, Wqpy8UixWZw, JAMn-7dkdQg, UCCQax656ew, Je2MgvqHBXw, BXFUkyb3aEA, 0IEnx_-47lE, qjX5svY7W0E, GjUqyv0f-J8, vHcEVx41RcY, 4J4Gs4I94Js, 7Ll6e4ME6aI, cjDDPJfgX_E, k0irBDG2X1M, Z2TEIlnyI-Q, 0VprDluI_gQ, aEzRZEyyrfQ, Df_Ml2NebfQ, XoeY92rKrnE, sjdjVJU341w, NR8bsg11OJ8, VgdTNpmcU6M, S-YyikNC1GE, 3Jq-I_7YgAI, WYZNq4pd_6k, VwVlaSSWMPY, urihRWpbycM, KIza8RWU5eQ, VfzAWBpxVDA, N5KjNGvdh9I, CypJLmis898, pt4J5BHxYP4, hc3hWJs3_FA, ZzkCd5bDZU0, k3K2yiRvPts, bFYBMYzrZSI, UQH7-6wX1K0, OswByZqyRKw, 73wFxQyttgc, RrP-65IDmq8, 6XQU05AsW5s, d6Kvhwed5fk, 0HQFHpgqQMg, NbnTQm00m1c, pKSZa34egHE, 4ap-DL2Keqc, po1_jiKigJ4, 4Ds7BviOeF0, eCeiGlY4Pww, UYz-WAE1czk, 4e5UYiVoMyQ, UfrjGzGN1tI, ZVnitbQfZzc, 4MXq5yWOMc8, LLduA8Ufbac, 9UsoooSo1qM, qqPEwjZeguY, zCsx35JsjHs, jXySCGWxuD4, qk5iswzKWNY, bfHRyMoqLvM, rjdL_RNpJeg, YC8WE7_2bf8, WpVc7Mry8C0, A1n12t2RonM, jCTy09wJd9s, TZC7zrqWdc0, kbTiWaYr3KI, 8sc8vrdIfiE, _uZn0ivchQc, 6dDhMDN7prw, u6NdU019Kaw, 4BrLnLAvWwM, lTg1z6WjcKQ, W7RZCn3NWJw, aHP3ixY27Gs, ofRuLe5Bbck, 6s2dHcOkPZQ, zvpi8mAM0lY, q91Ic3W6ANE, 9cYgLComlDI, Sf3AUSXgHws, W0G7DadJjkg, sEwvc4_RBSY, kVXtPlMPSOc, Up3eoyCtqk0, 7z8pwaL4Y48, R21lnVLZngw, aT3hjoPNU8M, qGzVr_RISgo, lN5n0X-j0RQ, Xp59VGaAAB0, EA8QRbbO6Ic, ZZmW0-UKD2k, cG_wVvyhNto, 36JAUKNTHD8, ySymCJeObRU, ITOLShJx7Uw, kBrB3PUW824, s5yyY6nhGKI, 6T0yeAIcUv8, zKnPMw5Voio, MLLsNqX7kYk, 7ukKowrvFBo, xyVAQw9Z1wA, zGs3QaFT7Bc, YGR98EnvTig, 5S8QmY7STaI, t9rDUS-noNk, 0dYtzgKw9KE, NdHUoW1Nlmc, nArfgFLf-V8, mLk0Jxy0KsM, ZmUmYTtJIN0, JEzpi46qaUg, KNygFPp0vVM, _DyUev1pT6I, sJUbYJ89o6w, 4_JoBbbo_N4, 0t9e14y33PQ, n6JeLCdZZgM, Aq7VmNYWrSs, It4KMVKbZBk, 7LJIXet7WQU, uRZ6vM9QrFA, JfBZ1eH9VVU, fLwgGgZiw0g, 3lBrMnPafsE, Q6iL_rvPRss, uOiNXL3qul4, Afj-Fh0gu4E, rl7a5GHxefQ, FXri35rgMpU, 0PU-Af5I-Og, 2SW9OmsjhDE, NKjVRRNAd0w, zJZgjIHhUWI, OJpjRyKTCJg, IYk-XKhsCpI, BvkpzVZchYs, nJt0kbjN65A, xk7QBUQ4C_w, -0CSEdyRTK4, _f105sWAz7U, kJFZHMz4_6I, ffmenjh7QgE, Bj8OMyHEknE, 8fWKfP9GXQs, FCstmGk4Gpo, jsV8CPiw8NI, J8f67pSE4is, Fttblq6zX50, gkf7zYth9F4, HbqmBm7byNY, s4J6pWNlglA, s7xyWMkqXyQ, 37wRsKXlWG4, 3N3Uvah79vY, kKtCexqW0KA, DzdKj9eDZQk",playlist_10
PL8_8tSGm7y1CDIIwR5hGk0g-siZc2u4Cw,랜더스 내고향,2024-01-09T09:00:04.451244Z,3,"29OrHzWipXk, _AoJ9m7rfGg, pguv6z0qImA",playlist_11
PL8_8tSGm7y1Biu42hODAd7u2eqQOKC4T1,은근-쓱적 쓱튜브,2023-08-01T06:48:23.311583Z,9,"hpDacttRURc, jXP32wFpvCc, lgFdfjm3LCY, tMaGrURTU6c, F3z_jeYhfNY, eoF1408T7uw, tcnV1z1eJXU, y4mnB3gCB9g, Fd6kRCLjFRc",playlist_12
PL8_8tSGm7y1CghB_HR2D2ZEIWo4j4ZhFv,돌아온 쓱샤를 합시다,2023-07-25T05:30:15.152438Z,9,"hXXucfzz6bg, imrUHGw4I2o, 7479tjyquGU, PIKJ49hCMW4, Tjg-UqeL3h8, iG4UAIMcquI, yAnF291e9W8, hZG6KlnloZo, FXri35rgMpU",playlist_13
PL8_8tSGm7y1AuhxEBcNlYiWJDdydox7CV,2023☆ALL-STAR☆LANDERS,2023-07-25T05:24:59.541289Z,7,"eXBOi39rIuU, 9IBtCQonLAU, GgbNUmWFJq8, R3t8aQOg2BE, mjHsJCs6qyE, W-z7u2by3FM, 16FKN7sW4PE",playlist_14
PL8_8tSGm7y1C91JHgiA2dJG5wqyE_tPVg,쓱페셜_PLAYER✨,2023-05-08T05:21:26.928304Z,14,"7UILP4Bua2M, n9CX7sXwhm0, 1Ouu951UjQU, VnCSnZflXMw, ojJ43ZNbns8, tHB2Ul5l61k, LdWPQJE-vCA, DF--qTVjwXs, UVGEP1XrB30, VeZab-Ncbuo, 4TBZBcfBFCk, eaW3sMcLPzA, 4QRImoZ2Umo, 8GulECi_ybg",playlist_15
PL8_8tSGm7y1DB8xKkgQxcm1jfXWJmwxzY,2023 랜필 에피소드,2023-04-03T09:18:45.091208Z,56,"kVhBg3zBck8, pkUJFb3lGy8, xpLm-n8hNjU, 3C88hVGWTvI, oXtVwthO4Ms, w08tP21HdE8, FQZNTgpzuV4, -obnMA3XNIc, xCDFA0Q1D14, u9sbOb8U-FA, BbATByWIQy4, ZLwv8kifxbE, pUa3xqJ_rWw, WT-kT_hpBVg, y4mnB3gCB9g, ZHptXsNOT7c, dYz18rvBob8, J8_qe043GJk, tcnV1z1eJXU, BVmmYcewV-M, eoF1408T7uw, eMHonvy4-5g, tMaGrURTU6c, JW-GrOmCNnk, ecs4uwtY9Lg, 16FKN7sW4PE, 2L8k0vtz058, Ha6sW6kme-g, yPrg19zESXM, 37DtC4dbI6Q, B0l6fmo55NI, _JA-nI2SqfM, jXP32wFpvCc, wO8e_O9i-6Y, EOdBGjkaCbk, mpeCW8J2m-Q, 5VgT29airIU, W6Y_CVOeyIc, 8hEZmYGCLTM, pA8rbnV0DDE, 5GaLB5mf670, yl8iGewJiXk, URG261M1ido, BNSg7y4pyOM, k2zz-Db3bO4, kb7YJ1yXAFM, cCh_ztTKpX8, Pc6PCWrp-CE, 6-P0P2aWI2w, uw08R1BhFA4, Zkf6t2kLe40, NdL-QvygT3I, xcPrPYLIFWo, 8OKeKec3UVU, 6FBPjDoKGkU, -CyJwTo62TU",playlist_16
PL8_8tSGm7y1DGqU7HZx0ogiJdAgGq_1Cu,2023 승리의 쓱케치,2023-04-01T12:49:50.253522Z,37,"QZr2XsVj4fk, kMm3Wlaxk0c, Rkt0GcMArK0, jozO8BxsU1o, yVyZcdRMBRg, jCN3WnSt9s4, Y5U6zQhUbZI, iHgsiAxGiZQ, PKtCmw92_M8, 9rgD-TfFWt8, ILbCAWTpeq0, A2zDPTgMm-I, zPzqWMoSRIU, pZoP_L3mPWk, DXNL-L_8jRk, DrrC9mU-atE, nOLhHABVVR4, hpHWZZ4oUEg, S6o9j101mqI, fKvCln-0-Ig, kT5Cb44pMBY, WxCc8hlrj0M, ZJE-50maZ40, D4X5bNkaEA0, kjE-CQxX0-w, KfMvVH2b8JY, RJ606RpJ8qs, Kstp8S0-HF4, EmY95HLARW4, 9shVtahxGYk, eOuNsMeUM1Q, ydeQqhOOykQ, THmyDYxuLvw, Dlder2qFFDM, xPShrO8rroI, sDYj0WgbLxc, VYkBXG8aIGc",playlist_17
PL8_8tSGm7y1BZy-8b7KxDf3VkzHl4w5ci,랜더스 방털기(아니고 토크쇼),2023-03-10T07:18:56.953525Z,16,"5jx0c-humJE, 6_w3o3yKykY, aaScHRKzPbo, EHqKyDj-zHs, bmF1dkPazu8, fzdTQxLhBFg, PiyOCQLtYTE, hS-Uje0dIHo, 3s8XbnAzcks, fB7MPLslx74, 0ZCPU5l1IuE, 4TOGswtINEY, Ne3jTvAK_2E, rvHKg0phDEA, BATVSq8iVAo, sPgRA2ZLmyE",playlist_18
PL8_8tSGm7y1ASMd23HIa0eBahfea_xgMe,2023 스프링캠프,2023-02-02T06:26:28.000426Z,33,"Gyn1yW8oeWI, lBK1XOypm-Y, BYW4kzn4FC0, VY6Y49h9Sr8, q-82Ayqafdg, v5Hkwg-LFO4, Qsxg1uyYMrk, Uq-LQbn4OO8, 9vEf9uvYNDg, lloJGW5fDJM, 0EQNQGGS-aE, mVJY08uVEKI, qYx2vs_wU3E, WQ1QKH6fpcE, isC1aF-gE_w, iYa4kgGwMD4, JWHMpazwmQo, munoVav7Sz0, GfxDb4LBHYc, aaScHRKzPbo, qXEhyQhnH8M, 5jx0c-humJE, ExEz8kFWaB8, urEPwXU_Nc0, Jjr2xWTAAM8, PQF-DJy6P_w, loEGaledR44, 6_w3o3yKykY, 0ZCPU5l1IuE, sEV6RkYVr9s, c7eEO1xSma8, RA2YUCCS5DA, Rc0a4EiI4iA",playlist_19
PL8_8tSGm7y1AJvYQ3Et-3I1cPWw7zebMO,2022 랜더스 OFF-SEASON,2022-11-27T05:15:55.103547Z,15,"7-RgQ9bj41c, a2HkiziD1AM, 4DWL-q-mDWA, ZRGsyr_gvYg, -7-8S_bfd9o, POJlA9ImDQ0, GC0jEDiXuCw, oHxs2U07P3Y, 0G-Uvrm73eY, zy51av934ok, qYcG7cu3gj0, rcimQSELI7Y, JBY3QhbKehc, VAbhUlrYYGg, X0Z3Tn9aBBU",playlist_20
PL8_8tSGm7y1DRP-hD5I9cD_NxPalyChNF,It's Landing Time | 2022KS | 랜더스V5,2022-11-03T12:47:30.675212Z,26,"KXYpMbw4sNc, zy51av934ok, R7eiPpqrNKU, PCB470x4j3s, twCRnAaKyFg, 7ye5ar_rNSs, sy4IZHuS8BU, 6kud9dn1RGk, eOMJ-mxxb0I, gNmMRYvlpzA, QnDhFa6wEAc, NEpH81jTAwk, 4cRzHpHltgU, oQ-5DVtUo8c, BbJZOpUXAzY, 5YkFH3bFVec, oxqzNi5vEDk, FfMLRD1HIjU, Pe3eH-b5iFs, VQYIXe55jBE, o-vTdGFXtvk, HjQkgGkx4Aw, yZUnOZdN-yg, 6Y6KtHfiRaw, 2vOJLvZWp-I, nJ6nqsXYZok",playlist_21
PL8_8tSGm7y1ASCcz9evADTwOuUgcDMuPz,랜더스' 매드무비,2022-10-06T06:23:51.29202Z,17,"oXsuNsuDLBI, twCRnAaKyFg, 7ye5ar_rNSs, OMN6H0nB1zo, cmR8hghqqH4, XR0451vnsbc, _gzudaKWMt8, NG3-crNR55E, e9AQDmGd1wY, YM0fjIoLCms, kRVpOyVqHUc, hTmmyJOu5sI, zAllkRMftKw, 3fwj2OrnPBg, _Pvusso7xOo, Z77P2ZetzqY, w7X7Lj5q100",playlist_22
PL8_8tSGm7y1CQgY25vU9fxJNNfw1DAt-z,킹랑둥이♡ 쓱ଘ(੭˃ᴗ˂)주니어들,2022-08-30T07:26:10.601412Z,27,"HNMS9K0zsRA, drsq3gQ2vUc, yCTJ99tvwx8, FYZzsh5SwgQ, FQZNTgpzuV4, UYz-WAE1czk, KYuBf2k7IrE, dXvoVmqugBc, 49TXS6ePr_k, Iffr4B0iOq0, z0stF0CgIbs, g5ugmIKXRK8, plL9_vtVKSE, G4lAsq6MAh0, QLyaF0FmimA, TY2IjPDvrB4, VXMTy2A8doQ, BbATByWIQy4, NbnTQm00m1c, eMHonvy4-5g, fVFrW2Z0Dpk, haIUf34nFms, 1ZIBPurIOdU, kuEW5XzFH7Y, YCYdC7p5zQc, sJUbYJ89o6w, 5VgT29airIU",playlist_23
PL8_8tSGm7y1Cf6Q8CaOokALJISqw30W2I,2022☆ALL-STAR☆LANDERS,2022-07-19T11:28:20.704434Z,12,"drsq3gQ2vUc, XkNsoaF_bJo, KYuBf2k7IrE, CVI459LWmmM, BrELkS6V40k, _46pOjkUEyA, q05hSfFS8sI, wTFjXmpYVgQ, TKOJoTmTuFQ, LuIRwSjauxg, rk1Q51Yy2A4, 5jmHuKQASBM",playlist_24
PL8_8tSGm7y1BT1RyRTyE1yB8u6FO8nqo8,LANDERS' GAME LIVE,2022-06-08T05:44:35.649946Z,2,"XiQEMGEX5CI, GTxT8szEqzY",playlist_25
PL8_8tSGm7y1Aefgy13HxVYfVvuuo4iFNI,랜더스 22시즌 야수조 등장곡,2022-05-25T09:58:02.483909Z,20,,playlist_26
PL8_8tSGm7y1CrfNUCo4Rw3ySJTqo0LXic,♪랜더스 응원가♬,2022-05-05T05:23:23.084307Z,23,"SltBhxwbPhM, baseGQapOf0, ZBarm-3Tfwk, WrsS6mMl2jM, zX7uot4biaQ, SXmG6p_kLDY, rcTIpk3jbaQ, 7YESWbJPglg, M4rJyYD1iUc, VFAXYWfhF64, 0E-sK9chY-g, 7hFw7txNt1o, J20pI9ot6zY, gzJTK4dBpE8, JK2fSpUIt1I, TjQPOO26IOs, 1KOiY1iBxW0, OCsQU2T4JwE, rqm0DcFw6qQ, efr1OagAUtU, rlna-kEHy4c, LVhyO1Mvw1M, u_0PP8uoUEU",playlist_27
PL8_8tSGm7y1DPJKmvIY7cetiPjC4AExXy,♪LANDERS' PLAYLIST♫,2022-05-01T03:39:48.571414Z,5,"EZNi_NfWlqI, FqUmYTs5OF8, zpBfxc7Ak24, Ym_90BCLmCE, RtCoKAkX1js",playlist_28
PL8_8tSGm7y1C9F7JYExNm8XilR6vcn3Hc,2022 LANDERS' [덕캠],2022-04-29T12:53:54.459245Z,30,"BbJZOpUXAzY, 5YkFH3bFVec, VQYIXe55jBE, ERiGVLmQE6w, zTDO2GVzs3I, cMYQTvjKvhk, wh8FoJWmPOw, WZBw1EPUdXI, YCYdC7p5zQc, Li1n6GqXUn0, 94xhzO7YKgo, 9uPI2gxY7gY, evdmIwg4WVE, jiR5fm4Oq9w, aYi1GQj1AC0, 9l7i-GhiLco, 3G5qS15Fbak, OB00nNuk5Ls, gktAXAhOF2g, vkFvZBaDM7Y, bXkqgmsCNYU, wIQ7oTanlug, VrTrtwF1lkQ, pAiXePkssX4, 73SzQe0nNos, XJ-WFk6QsVw, nSZjiO4pgw4, 355YRf_J1UY, _wJkaFFkbzc, YphHyDEQLMw",playlist_29
PL8_8tSGm7y1At2gbizov-_pNVNepBUL9i,2022 랜필 에피소드,2022-04-25T04:49:37.251264Z,29,"2yHvX6s66vs, 0nD3-4_X5FQ, Iffr4B0iOq0, Ix9qQQKERIw, MtUR5w7C1OY, PUvRQrApwvE, T2o1yjUNs3g, Chd805msslw, _XIgO6-3_Xw, hab_Q4mW544, MgUAqVQsyf8, _lKWW6osLH8, ApZSPcbhALI, vFJej71tnDU, 9F1RUx_-3Nw, SImpauoYfh4, tw4rQD-aqCI, T0TusKD9NJk, -fACHDskMQU, xQbMIiZRwro, N4G2TYJY8as, cL3vsNYgvIU, M19ybPF5PTk, Irxh06fCaGk, ycHLNTtvpFs, RXkZSlGTf0g, Ma27lI0yfh8, wvaGKxV310k, q8knIbTzp6U",playlist_30
PL8_8tSGm7y1DghMIyTgeeWtp4AatbJbGp,2022 승리의 쓱케치,2022-04-13T20:07:21.720041Z,59,"7s_mVfiWifk, RVVKrZwgjVo, I4RvI6jdZWk, xsVFOVMUScw, 6Wehs1cM1pg, qYNoU-Peopo, rhtCjNiTsBM, vFh5y6PqXRc, q3W8C8Koe0Y, QnJCXwnXr78, CiRYnfuIAg4, Fn44qaswrvM, rsq3QW6pvLk, TnKKBFa6PA8, FvAftgFdIyI, QDZ166K25tE, P2U2IAcDHfc, haIUf34nFms, bDk3o2HDMHk, 8Q-YtBIBPnA, PPZQLMeRDs4, Kz8s6UK8kQs, 77l8RSAtm2o, ZTr3nk22HZI, UEAXuj_jFkI, _lKWW6osLH8, Xe-0gGsVLI4, ApZSPcbhALI, c7VxH3V9J8g, xZLfsxnQciY, XIDj8CMWIaQ, jNQ1VqPBV3I, vbnLz5_JbGA, DpBRca0Rpyw, ISjSXoXRo-o, VEkW41qshJk, N2Vn4zLTNyk, y3Bqz58x9zg, LdTZh1QCc7I, bh8c5MpvyEQ, 1epNziSvtQY, VzjFsYWduKg, 5PBWPZUeTxc, U6rnxq18Aj4, jAo30N8Isok, QUYVDcJ1_YY, U7czDCWpVJA, wy7OlClwINI, PpWglCWfssY, MfC9iKVEIKA, fifgOn1d_is, giei8FMD4zw, 7zbeRk2vDDw, Bq95CtPEHbA, DorTJ_f8zLw, r5cN5JMWkFU, uCIKb31ch7I, L_Abj-qb9cI, TAx-oJxg7ww",playlist_31
PL8_8tSGm7y1DEcMFyq27LMb2Lkc5qkWqf,랜더스' 가무 모음,2022-03-25T08:17:50.642398Z,41,"PoCA323cKq8, sjdjVJU341w, 8XXkTg5ajWk, MPAbZ-WsByk, 2QAHZdf3b6k, vDTF43G1Tis, 8EbWf2nm5NM, 90MKeK4qfls, 4DzGwSMi8_0, XoeY92rKrnE, rDRBT2RZJBc, Ag6n0OPMrZk, JAMn-7dkdQg, NR8bsg11OJ8, SkHj8NIH5z0, 8hPFehN4u-c, JwxiZts8jrs, PUvRQrApwvE, d-WS95AniYk, 6T0yeAIcUv8, u26_gSA0YVM, Y1UZO4RPjsU, p4W_6958Mzw, gV03StkHwc8, J8f67pSE4is, ogJA7gQlbDo, NstAGqSoMVU, E43csfCYLOc, eUPD97STew4, Fttblq6zX50, GdL-0abdK2Y, 8ngfrGnFd6A, hCN-mulybjU, QmWzj-FGHss, SjJg4YdLk1I, 0UL7smq772Q, cgXn25-4lcg, IlJ7dkD4Q68, -8j5wl65DJ4, 1MydrTlsNgA, uTCXI0V_hQo",playlist_32
PL8_8tSGm7y1CptwDozXhdpC861bCMhsFN,2022 스포테인먼트,2022-03-21T07:23:02.333196Z,3,"fMb4xGBYKRg, DgU_rnLMfmA, JhAoTwRolcQ",playlist_33
PL8_8tSGm7y1AwJYMSRX7-_CjH04NsGwbQ,랜더스' 로-그,2022-03-10T11:46:10.375934Z,22,"MpibAqeZzaI, Mojv9iZCDuw, Hw_vt9psDok, W-z7u2by3FM, RA2YUCCS5DA, Gyn1yW8oeWI, oHxs2U07P3Y, o99kr9nfYvE, KYq2d0XNenE, i2e4Oc0O3_E, y5Des6N7CqA, rw-xO7uaHj0, eVr2rht909w, FRuHi2ULsS8, 0ch2JXn0Tv8, wc_9nQBvaf4, MMmcFBsbwz8, YfBDNblfxl0, et0CV6hssFQ, _2yAfSLGjo8, FbCOyckyGdU, JhvLwPGVnD4",playlist_34
PL8_8tSGm7y1Dft4LuchgbAs41onC1fZIm,2022 스프링캠프,2022-02-01T14:41:00.599521Z,34,"NG1ZBGXZHns, hS-Uje0dIHo, rDRBT2RZJBc, Jg6_b233Ca8, GGQpiP74duw, SkHj8NIH5z0, 3s8XbnAzcks, lTgp8WMO8Sw, shoCA1N99fI, ufSKCnpwulg, u7ugsB_iR2k, 3YJyunTg47k, K3Hlt0BBRpA, Sc4SN-6c2Bo, JhHCiZ5i1vs, gV03StkHwc8, W-CxJXdTHKg, D2ESeWXrmh8, 8OiBB4mmx_c, zZoqBqQlhuI, i2e4Oc0O3_E, ltuclETX1-8, iCwTC2mmam4, TNSjki9q6Ko, AbU-7DZB6Fo, anUb6o9vA2U, kQyOCUAWcxQ, ZwiDR-ExJAM, WcXy4GNtOak, Z9kyzOjfyS0, 4VszWRyUYKk, BPKlp7I4ci8, 89C_DdTzft0, sosnING01x8",playlist_35
PL8_8tSGm7y1BBoK0_xXQbdWet9Htt2LGf,2021 랜더스 OFF-SEASON,2021-11-11T13:15:34.956524Z,16,"y5Des6N7CqA, VkK2QyO4V_k, TnOOtd4N3n8, SqjWfbfywRY, X5edUAS8I-s, 0D4yMDcUiqI, 6CR-0pom8Jo, rw-xO7uaHj0, pFz39kGymGw, eVr2rht909w, FRuHi2ULsS8, KO87Q1iDXTA, 93wVOdyhzEo, VRzbiY_CEH4, re0fzf4QJ6E, cCCLzoPhg5A",playlist_36
PL8_8tSGm7y1BUjz33zQHyP3X3A-ThKvMQ,뉴비를 위한 야구 입문 예능👍 [구원투수 영업3팀],2021-09-17T06:01:40.181315Z,6,"6Z8gNTWdU7c, 85jsgpy1ytA, nFABb8c_DYY, UyjPTBb-uBk, GvCyfc_bHYY, xJ2GPJwTu5k",playlist_37
PL8_8tSGm7y1CwbUsFYTYAaVmssFRhdm7k,랜더스 TMI백서,2021-07-22T08:37:25.077061Z,9,"Xgbxg4G-vC4, n5I05jTkG1k, 23rwTyQuixA, DmUjnkavqTE, f1I5WWuj7KE, YlIs2iDMcNw, HG-OkEa3qR4, yHQouSnAyZY, tElhmVabfY8",playlist_38
PL8_8tSGm7y1AWzWQ1H5eS_hmjYbvl26Sj,돌아온 불타는 그라운드 2021,2021-07-10T05:50:04.982768Z,40,"FnKRqO1WWSc, 4nUNF26ra7w, gna6B80w18Y, 1MDP40eHy7s, nLddmcMYIpg, xlYupzByIbg, N1fSohAEPM4, O3OGGy8Pe3U, --RvdJ8onW4, PUxc1Tc44WI, eFPJIlaZcFk, fosQxeuB9HM, k6euDec_iaY, vMss4CBQ6Fc, TbL3R2sqxks, sTRfCsKc6TI, 1XiYVOjpki4, 2QGZYaqYlIM, kq36isRQHw4, FfSEW5NFgMs, fX4_7ciIxl0, R8ojUBJRB-s, 76QyCG81bcQ, 2qNX1P8kM58, ddWkf_Dfla8, CN4CA3yP5Ow, 4dXIUJk2Zhc, VvrSTqOwTxo, VwmrNbJ_1oU, VwVhioWcvR0, 7ArZd7-uHJM, DJTmSL1L7Hc, dJtNx9lwujU, H-j4RxbYA78, rCLEnc7qoTY, PokjDghKa6g, mhv6vWVRQfE, bnqgAp-fi8o",playlist_39
PL8_8tSGm7y1Ds5oUv5ZP-2PvN9PAUBGHO,[최정 플리 #2] 최정의 본업천재 모먼트,2021-05-18T15:10:58.171167Z,89,"98iZXPB7Sy4, TMxPrQQchUA, 4cHSiTZxdoM, zV1gz6yHOJU, qyLs-9akkxA, xBLpmZRAaKE, 6C6oPyWeqsA, O5047eGX3Ds, id6UGgdKV-g, VB8bTRvS1e0, Ge2W29WC2Z0, ji5FpestnzM, YLlQoxRc0MA, E9au9nM2i0I, KpDa3t8NeT8, A85_Zm46YGE, L8ubN9CKRZQ, xXd2f1kBUDQ, 7k0UuBACPKY, IhvkiaWvyRc, 6zDT8oFPywY, YwdSYbVfTZQ, K0E-Lu7q9d4, iRg5vH9-nYs, y6w0WWg5HhU, avHTw4ubyHo, soci8F1BWw0, qiazo3SiNEE, Ly-huc74NIw, NaXsFSpiSSo, qQpGGMNbETU, uLElmxFH3Zo, cTOlaN0vxeM, BSJgijbInqg, TVMylf9oPFA, UyQwdUIB_Hw, NxO3GIz6lM0, ZU_zWpaG__8, bf9DVWrnz6c, 6YBe5l6KkX0, vDd4Gnk4ljg, DTi3LSwuAy8, igVk87PUt5M, y3GPVeLaNb4, QhS5Y5F2wQM, _bJjn62LKac, tQ_MAOG6lPo, irmz_F8wbn4, Bhr9gHXohg0, xXZjNMXwQcY, kQg9o--WA3E, eiwQDNth2eY, eiwQDNth2eY, feTQYXpw8-E, iomPeWOiZnE, GqFKavFmh8g, sbCJKcmoy68, DKUFPFcw5Eo, p9LOhyXZmks, UHcsmaZTNmQ, aY2mGU5PAMM, jJotdoYvPEM, 6kkOrls3u5s, LWHpcNHl4FM, mHPgUI7QpSU, YDaEQ1z5iIs, IWT7nxJiYYU, KJKh43a5Z1s, MZZ1lzTv2H4, 8J3gmistcks, KHU60bZpIX8, t_k3Uof06Gc, HwhEIdHNsoQ, CLsNqH5hcfY, MkPnw-D50YA, ItKljU-h738, j2CdBMnULfg, VLK6AsMmN5Q, M_ihU6EQFKU, psaOgS6R6_U, ilTi0nHCjOQ, e9AQDmGd1wY, FoT5-LZVrXU, rw-xO7uaHj0, 0D4yMDcUiqI, BrW7ntL0bfY",playlist_40
PL8_8tSGm7y1A40sDv6VUQ6RLxx09GYBGh,[최정 플리 #1] 최정의 째정 모먼트,2021-05-18T12:46:13.244761Z,32,"-rYU9XI40wU, meHMM5khRyc, wO_h8Ym06wE, dbuR9efn8TQ, En4S1x7FUDs, fpvpsE-9VEw, 8H13dzwu0dY, Vr1h15gsOuY, -Tu_0RhCKu8, m4s1AE9l3zw, oVhy0XFeFdI, Nv8t3g3Nq4w, 1LbQKXLscKg, OoESCILVV3o, pXmfIDLdV8A, aCtyJ2wJPho, qsCjnK70LeU, 7shJbZR-xbQ, PnwoTDGTVxE, -Ps3DEA8XgA, U4uqV8uL4ek, axtVU5GRMs4, tnEl4R9FCPw, S8u-3hDzf7o, LZZGN1psQNo, Ijt9IJo_yOs, QnteTuQP3XQ, rw-xO7uaHj0, 0D4yMDcUiqI, l-hQ-96CL0g, H08O0sB3hFA, tMaGrURTU6c",playlist_41
PL8_8tSGm7y1CU8hzSmP4N_0zLiBQLHyYq,[랜더쓱 프리뷰쇼] H/L,2021-05-06T04:57:42.70283Z,16,"yliJJ4gUZZA, oiS2JFotMWc, loJfZvZ65EI, nwiiCMfAI3k, 6CPSVzix8u8, lBsWbUQGsWY, CGUjhmyvQQs, b3LmWbPqp-k, iQCW0J0XTFA, xDwXODlYx4g, zVayTkpbyms, ymTHtEZElR0, RcA7Sna5tb8, MBIW_bAjSZQ, B9zi2Clez3o, cjPKVrNkqyI",playlist_42
PL8_8tSGm7y1DJ3iymFSaj21Wvj3KdRkjK,[쓱ㅋㅋㅋ] 예능맛 랜더스,2021-04-21T06:13:37.074974Z,38,"_AoJ9m7rfGg, bbZTDdnPJlE, eyKSRG6VLv8, 3C88hVGWTvI, oXtVwthO4Ms, c7eEO1xSma8, 7-RgQ9bj41c, cXXp9sxRlOA, Z6vodsSXqeg, 8lyQhTRXV5E, hZX7nxkMVPU, sreZn3OyO8s, yXjVX1zb8ZQ, rDRBT2RZJBc, W-CxJXdTHKg, lTgp8WMO8Sw, hS-Uje0dIHo, 3s8XbnAzcks, SkHj8NIH5z0, 1KBQPY37x2Q, 2YDZ1uiq2Fo, OUWIxhgA310, 6o5mBa3VZSk, WvS6xuMd2sU, bmF1dkPazu8, ks_9Yn1vOCY, sMstezK3bpI, fzdTQxLhBFg, Nv8t3g3Nq4w, CO629pgUP-I, hbAXziQgfLM, wmqXzrO0eAM, vAJj4W19VkE, W6ZbIVgs7mw, OZQKDg4NTEk, myIJaG1zR74, KPnGENv0uCk, bWRBVbKYY_8",playlist_43
PL8_8tSGm7y1BUS6kASbIoA9D-CkzwKVne,"[쓱폰서] 랜더스, 협찬에 진심인 편",2021-04-18T07:54:16.562057Z,48,"hZX7nxkMVPU, Z6vodsSXqeg, sreZn3OyO8s, OUWIxhgA310, aCtyJ2wJPho, riC90qmn7U0, cXXp9sxRlOA, gLeg_HDxkic, 9QZJxjDoKl0, 8lyQhTRXV5E, plL9_vtVKSE, pt9GwpmdwpM, 5GaLB5mf670, AH31sbJfJTg, y5Des6N7CqA, 5twIiWR1IHw, 2YDZ1uiq2Fo, 7shJbZR-xbQ, 9gg2PdFwzsU, MkfIQ665iBM, VeBAxSbDuPc, lTgp8WMO8Sw, bbZTDdnPJlE, rjwWF3-AjSE, oXtVwthO4Ms, ecs4uwtY9Lg, mpeCW8J2m-Q, Ijt9IJo_yOs, 1KBQPY37x2Q, 6kgXVGJubAw, W-CxJXdTHKg, 18dHDq6JHuE, Xy9ymKuP9GA, 1UoJnfpx2nI, a2HkiziD1AM, U4uqV8uL4ek, oY3sMapEYgM, pSaFNxnqzVI, p-Je9m3oqfs, tIyexa4pdLY, KFGeaGkv79I, e1Ja4Vn5LnQ, mt7-ugRzieA, qrlofpkIZK8, epGod_MtPn8, wMTgqPhafXE, rr_TieiSiCA, MRhvYpmdHbY",playlist_44
PL8_8tSGm7y1BXDhLGOIQkfyn4Hsj1s7sp,2021 SSG 스포테인먼트,2021-04-06T06:43:27.470321Z,24,"xxjz-Cj6tWM, QwaUXHUhGJo, xLyek87yf7I, Vyi_iDA0CJ4, nKgm6TTawbw, Rz_qWNTkfQQ, x9CxKL6TrbI, eyGqBvvZa6M, SsGkIFvCBtc, P1bYMMQN-pU, OySpR5uF1-E, X6NXUsZQNTo, 2NRlumGWwXQ, QJqX31cB7Dw, vJAw_6grwJg, NlTMn6tsrqU, q_sM6f7bLK4, 1N6OgoL_3_k, 18dHDq6JHuE, YeJS0ynXaEM, 5nfkcAfN7f4, C0PiJxtTr68, gnfV-6B_DtY",playlist_45
PL8_8tSGm7y1DrtJ2l3w-jSfCPHz6sURKG,2021 랜필 에피소드,2021-04-05T10:41:30.851457Z,45,"sfDc3YpCgfI, Q_LZjzd9SNc, 60tgHcjq084, V-RY10_Gn08, qQUqIcZsKYM, dYOM1FkUkD0, l3ETlK5bPVU, kKHV91N_WwA, 8Y2scLDcLPM, e9AQDmGd1wY, MvD_OuwfBFk, hACKsmarzEg, sK6U5aSLYHk, 1UoJnfpx2nI, MZVg6pIzPxQ, lHFtoeUmExs, k-J13-PcsMM, w1TlkJ3nXJA, 51RecMY_UNc, ogBxkSyG2LE, f7jzVw9QMK0, LCrVplhBbFw, kczjirwSIN8, TS-hSiolU58, CY5xYIcB_oU, p-Je9m3oqfs, tZuq7FvLlYw, Hazj7zbZwYo, jJ2uzLNRM6Q, tFEjEJFAHIk, j8WPkFjJ5FY, bZ3aadeVZWM, XmmCcgG7YE4, wr7OrW_oYNA, 18jaa83ZdqQ, OLmLht-SJ6o, WyJ9-r7gcNM, lXOcOqf93F4, wq9tViANhIk, ukM5eQOjD-M, 8bNCgYmgWVY, 8m4ih2vLQ70, ACStN5_MVOQ, DAKCIg5iy-U",playlist_46
PL8_8tSGm7y1BdeG1lwPqKNXOb0avqk4lj,2021 SSG [승리의 그라운드],2021-04-04T09:28:36.628299Z,43,"Q4gQP5LCEiM, u8rFD0v-SuI, gBLpi_5pqDk, FoT5-LZVrXU, j40i7KLrGrI, LkMtCAZcyCM, FNR_EIeNwDo, 7klORmLOqHE, TS_FtXhytpQ, _TEZZ1z1NOo, 4R3T1cqNoBw, gcowXnFq5P8, ELNMewqZWp8, MwzwzlImAk4, ilTi0nHCjOQ, oML9uOPblk8, Dyj4Ndcadm8, E9KtMXx_d7U, tGvHgmmMYVU, LZZGN1psQNo, oggToBJtUCY, tjjQSmUecmk, vbmsp8_3wSk, GZRnkaabbgw, 9905JOG_j-M, GarUEU9YOgY, fSN_RFx529E, eOdjA28yC6c, WZ-_URlNP1g, 1cjzcSNakUQ, WehM5QcXjT0, VXMTy2A8doQ, KeALKA-hlGk, clIM9u-UdbQ, 1z_4gqRvlBg, RWOUT6Ne8Mo, GrqlYIevNqY, 6V5iBh5_9po, 3rXeWUYVUq0, Nc5sd7Hnq28, 4_HCiz2N2XE, ABU0cPVyzdc, R5E1FcfKEbE",playlist_47
PL8_8tSGm7y1CROrNWjF8QDYbtLbEPqdSC,2021 SSG [덕캠],2021-03-26T15:20:32.341241Z,36,"oMnunwHOxXg, VOpbVZOFw0k, jfLXb7-h0w4, j4msEsWr4TM, KQXFaO1YwwA, fDGoBl1fwX0, tWzI9CCHkr8, N-WJ_Kw7ypA, MhEiaSf_gc0, ExYN1JlPPPQ, _jm7gtYcpkI, u1aw67MdjvQ, R4eqHfQiQpY, cXAsJbA2hIU, Wzj6I9aMK8g, fsLC23tr3gI, AVTx1ZoFz_c, BuCGkLwEZRo, 36XttMpmUDU, U1QE8X_EazE, DQMki47G6Os, LJu46XoQynw, DTg5iRMKd0U, __58vn8bg-I, tU4nUBInjNE, 4-US5Es4QPw, VWHTLiYO3xw, FCh7CZmNPkg, eijzV53fkzk, cBGSirWfl8M, WbpROZmUC5A, u7qk75W5oK4, 9cxMCgrmeFo, IpphBwR1lVQ, t0tkMhAY888, quA5-walnoU",playlist_48
PL8_8tSGm7y1Bap5dhcUeLnvY2fzm5HyJ8,2021 서귀포 캠프 [쓱케치],2021-02-11T06:27:18.161945Z,8,"3r8JzIXRI8w, uUYwYP7FJ7s, exVAyWOUeNI, _Bde-knziBM, VdbD4Y4Kp2o, Mh8Q6lMydho, yWCsvRaIDZA, f5xBNP-BTkE",playlist_49
PL8_8tSGm7y1DRyl4H-s9IZQg5339Qvwus,2021 서귀포 캠프 [쓱캠],2021-02-11T06:24:43.29354Z,14,"pFqG4jO1ApQ, nHWpxn2Z5cs, zV1gz6yHOJU, PnwoTDGTVxE, f80bywrqWF0, 1h8Jxd7OgC4, NcncJ5YrbR8, Y3oh3XXzVxM, ZDCG1Modzpo, FRv2w9EehEs, G_B_gOkI7Q8, sbIIYBI3GpM, 1pKPuc9qpjQ, l_D650ffd3c",playlist_50
PL8_8tSGm7y1CZQ6PqfRmp84YzbSuyU11P,"[쓱핀오프] 비하인드 맛집, 랜더스",2021-02-11T06:23:52.783865Z,91,"O9PAxOdKGOo, NdL-QvygT3I, Zkf6t2kLe40, uw08R1BhFA4, cCh_ztTKpX8, kb7YJ1yXAFM, k2zz-Db3bO4, wO8e_O9i-6Y, jXP32wFpvCc, _JA-nI2SqfM, JW-GrOmCNnk, tMaGrURTU6c, BbATByWIQy4, u9sbOb8U-FA, -obnMA3XNIc, FQZNTgpzuV4, LgdRG-JstNM, Li83FxkHaG4, EI637Rdgb7Q, UBCWqqEr6CY, T2o1yjUNs3g, BrELkS6V40k, wTFjXmpYVgQ, TKOJoTmTuFQ, rd4tBrwHzFc, aIOM0iGkBLQ, uoIsi4BA9kY, KYq2d0XNenE, WBabhCXnmJc, c_OQTOpdHCM, MBNYzzfk9H4, xQbMIiZRwro, J49PrEW_3KI, pt9GwpmdwpM, 7knD8u6PSTc, ckig7OyXUYk, 3C6x_0bFAng, SmQkpzlQv3o, i2e4Oc0O3_E, Jg6_b233Ca8, iI6Brtsd3A0, re0fzf4QJ6E, l-hQ-96CL0g, 5bTaX11Q0ek, wtMsDNWvacY, Ijt9IJo_yOs, 89otAHWUHlE, 2JZC4TAqnI4, zU9ag56Her0, HAZbN8RD_wQ, M2rMVMsj-XE, dYOM1FkUkD0, FMh6QKkG5VA, l3ETlK5bPVU, pSaFNxnqzVI, A02Fv58njNk, sK6U5aSLYHk, 60tgHcjq084, Vuulj1gqFIM, s8wPxrVvzk8, -LWMEDDpUDs, 7shJbZR-xbQ, QLrmVuirG6I, EOQMT33iG2A, sfDc3YpCgfI, 7h5_jC2wq0g, OoESCILVV3o, pXmfIDLdV8A, Ip6K8aN7Jeo, lbYoCYYfzEE, 0ch2JXn0Tv8, dbuR9efn8TQ, QBnLbBJkAp0, XOR7yjVuJJI, fpvpsE-9VEw, p4W_6958Mzw, AH31sbJfJTg, Vr1h15gsOuY, PoCA323cKq8, wc_9nQBvaf4, qsCjnK70LeU, OU9Y8nHU-Sc, lskSduIKUto, rqPRsnOGgnE, GK8o5fEJSgg, zJyrCeOIm1o, X-xxKnjSSP8, VWV3ucm_0EU, PVO8K0ir5KY, ig77sFO77Ag",playlist_51
PL8_8tSGm7y1Aynwck9jyIgytqMOV1r21A,2021 SSG PRE-SEASON,2021-01-29T07:39:03.195872Z,54,"OoESCILVV3o, vpLW8sG8ZXU, kt0yjCMUXfE, rjwWF3-AjSE, XmmCcgG7YE4, Cxbw4wpxuCw, pXmfIDLdV8A, x6-AyIPWjbM, ltwO_jZxbSk, Ip6K8aN7Jeo, lbYoCYYfzEE, 0ch2JXn0Tv8, l_D650ffd3c, ZDCG1Modzpo, 6o5mBa3VZSk, WvS6xuMd2sU, bmF1dkPazu8, CDnfK1QyrQM, W7tmrS5QAAk, _Bde-knziBM, 1pKPuc9qpjQ, ks_9Yn1vOCY, sMstezK3bpI, lr94cHJuly4, 0zX3FReRXzc, G_B_gOkI7Q8, fzdTQxLhBFg, dbuR9efn8TQ, Nv8t3g3Nq4w, nHWpxn2Z5cs, QBnLbBJkAp0, XOR7yjVuJJI, zV1gz6yHOJU, uUYwYP7FJ7s, sbIIYBI3GpM, exVAyWOUeNI, VdbD4Y4Kp2o, FRv2w9EehEs, PnwoTDGTVxE, fpvpsE-9VEw, pFqG4jO1ApQ, 3r8JzIXRI8w, p4W_6958Mzw, NcncJ5YrbR8, f80bywrqWF0, AH31sbJfJTg, Y3oh3XXzVxM, Mh8Q6lMydho, 1h8Jxd7OgC4, DodYxSpZWrY, Vr1h15gsOuY, yWCsvRaIDZA, f5xBNP-BTkE, jJ2uzLNRM6Q",playlist_52
PL8_8tSGm7y1CxGTZdcR6cOuWzugT20Gue,2020 SK Off-Season,2020-11-09T13:27:50.244125Z,26,"aZaE7LmRxKQ, CO629pgUP-I, hbAXziQgfLM, wmqXzrO0eAM, vAJj4W19VkE, GYtb45uNeuM, uneNFkRr7Mk, PoCA323cKq8, wv5Yy8roiJc, wc_9nQBvaf4, s7Ki7EvxDTQ, ucEGNNYjG2w, 7IIHYxw0DvY, BXCU3JUrmhk, VgwlJ9Boudk, qsCjnK70LeU, OU9Y8nHU-Sc, KpciqQvFy-w, Psk3EsON2UI, MMmcFBsbwz8, s04jcS1gRyw, pRWHPXaJ6Do, xDBQXUx88sw, 6kgXVGJubAw, I3d6cKAb3b8, NJLs5zewFis",playlist_53
PL8_8tSGm7y1Abj_9FWBR9-0Btw_fxtbk3,온택트 야구수학,2020-09-20T07:53:35.124731Z,20,"Sr2_ZUnbCEo, CQ51DC60r4s, p9l6TpDxS-g, -2HPSSuFtVI, EWAmsaJnxpo, VZTKseZ5DXg, 0K1nXfOs-jI, CmCVhRL4TwI, 77f4Mf_JNPY, K_7Er8fhq9I, 1XpGGlXMZ8o, b0pnBGWf6F0, 3dL0WFYtCfg, B907e5x-tEs, FfGFhy3huSw, vHnFVF9hM0Y, ZWZk3hL3DgU, 4XWK1aUfzpQ, L9kAsmiqdDw, CNfw-s86N78",playlist_54
PL8_8tSGm7y1BmCwho5lwK3FCFDw62imWl,2020 SK 인터뷰,2020-06-26T08:55:37.319396Z,21,"Ppjr_jydw7E, NMvq8MOk3Oc, -_nEipEEIvQ, UluhYXYJgX0, Awm2sknB680, HCGhtHFFjF8, beFBYfFn6EQ, Xq-mkJ9wqdA, cLMR3M21f6Q, nUsQ5beM04c, qw1qRWXgnnU, MSmToRyqUtI, dNXr_pi0SlQ, ZF9pX4-uo7A, 13dIAmRJdWc, qm59jRbLmrI, 0DllJK8cw5I, BQrDd45Ztro, UAYBNf-hK7w, Jol0QajEWmM, t61cfS7qfDI",playlist_55
PL8_8tSGm7y1BTs8knzV9YwobPvk8fooPu,2020 SK 자체연습경기,2020-06-26T08:54:42.355113Z,14,"9Fa_mbhEJl0, lTLZk5OMBYQ, spIA4RzWYmI, VcNy5YPjHiI, mmkdiWSAu2I, A2wD5vc5KC0, o53GpyQex_0, N16y5DufNT8, w0YSsXmfYKI, S-wRFuVsasQ, mBPmqgfS4lg, NWir5UK9oRc, BosRZd2cLvo, n44b6HzXIyA",playlist_56
PL8_8tSGm7y1BS6sZIE93wrZg4jObA8kYe,2020 SK 응원단,2020-06-26T08:53:20.424495Z,6,"eTrfhHX8h0A, kUlBTQJ2QBA, vVcF6DokPh0, odu5inPUJ_g, t3FL-wa93Gk, 26RTQ1GA2-0",playlist_57
PL8_8tSGm7y1B8bFxd1nkHKlNCy5D3RMr3,2020 SK 문학 에피소드,2020-06-26T08:47:02.990052Z,46,"wTudookQJnk, 5twIiWR1IHw, tSG2n3AJJts, vYyDq8JzRkE, Y1UZO4RPjsU, lrw0nFZmI8M, wXQB0LNJkbc, _l6tGjTY87Y, Vo0Ga4Y57MY, h8CZIF90Iho, HR1Y1m_UNTk, wpJwkE-3tyg, wQ-6Lh3r6tw, d4vnrh-tCvk, meHMM5khRyc, SOCyRxVaSRQ, gE7Jc6FHXcA, A7-SyJqPfS0, LNZ2_qBrPM0, 5zPsB4yW33s, wO_h8Ym06wE, QLyaF0FmimA, 22REcYDMzaA, DQFll96nqEY, 6wCaub0vQgQ, sTstCxseNTQ, -rYU9XI40wU, EP7TuiEJaks, wMDfH7-_--4, DAHvZzsHwME, gP-MeFv2bPw, GZDXC1Ta400, I8lpR-Wet6g, zv-C0GdrGFI, X4ry7q9Hhlc, y6HhKN6Y-ng, kSkFSs3cF_c, ZF9pX4-uo7A, SjJg4YdLk1I, NCu2xLsFqQ0, S1ZH5x8puhs, Q0NheBdG-nA, hOIo-_HRd3E, iyCH3gMAzd4, Ad43irVazB4, mEATp73pkPM",playlist_58
PL8_8tSGm7y1BhS0-dEE3GVoCQAbgN8MFf,2020 W라디오,2020-06-26T08:39:42.174559Z,35,"vAJj4W19VkE, tsEt4PA6vQE, 7ad04uABVG8, wL3rYNcm4-w, wTudookQJnk, TBXH-Y2xeE8, UXGKPeGFY4U, lanELT0d5jY, fPvhAEKcTCs, aHekbwE1ZF8, -TOIFzhjCyk, jseHKG1tSog, rWhV4LqjAvo, mpS1nNW_7XU, sTf3vPOasY0, guzKb242Z7I, gzA0dYFry5I, RmPYRsdw2oI, mNrwLWqPAqc, 9VlMxrSxE6Q, mbAXVjzDxfQ, bxXQZeF64lM, LWUhK3MHxAI, K7wBMUhNgZ8, WgfTlZcXwfI, cU5pNL2QW4I, F9nH2atLVIY, UoDwntp0cQU, Jp24ueDF6-8, epzOodufX78, GoUf9lPLeHE, KQ87rukE-pg, _PmcTJVGeqY, ggsa7OGraHU, JgBdRXgiNSU",playlist_59
PL8_8tSGm7y1DUxUD6DZev5q1x7hEZYwaf,야구실험실 w스크라이크,2020-05-01T07:10:26.885493Z,7,"ZELLiY7JHu8, kKgTTWiuL9c, YyOe_rN8qz8, MTXzI1opVTc, 481PpenQRro, aNUkOhVmnXM, 88RqL2EYJjs",playlist_60
PL8_8tSGm7y1CGiZKD4oWYnt0RsQ1-d0J3,2020 SK 덕캠,2020-04-29T05:54:14.282061Z,35,"rqPRsnOGgnE, W0GCeqLMe0I, vMWAWRZFK1I, c5dyO4T2H34, zJyrCeOIm1o, 7z7ElCk1ipY, x7kg_Gc4xeY, RzHWNTMuEVg, RBy6z9GQSBw, EDwv7NiKphM, _VZjKE1DsKQ, DckrLGEaq4s, iWrzD7sV7MM, hKWlRJelO98, -7gXrK02soY, LKbv8A4Yd_o, MOChS4Mq-Aw, lZf6QaFa1h0, ZI8kpHCTY4w, FCijsFcJAVc, DnCPU1Iemn0, Cws4htzL2ms, 3tMAIVIz62I, W0LiW8yEY9Y, PwDYXvRwSUw, P_DRCd3Nt-M, aMhE60AcvGE, 5OzhF4GMdLc, rO3Ti5tNmqk, bxT_qY6chgQ, kEZmAjFr-Qo, PSaW6ERIdxs, _MUWLk_4PgQ, zqU-938pXu8, V8D5Fmey-_o",playlist_61
PL8_8tSGm7y1BFsBU7_keS7v9inwfy0Jjw,랜더스' 다-큐,2020-04-18T06:51:16.812026Z,21,"32X1YPSv9Zk, QQD8jS3dRz4, 9qLu3NDmHrQ, 11qZkqz1o-c, lJbaW4QNqeU, hJPQukoyx_g, Z25M59GJllg, -Ps3DEA8XgA, DkLwQJPr7Xc, M3ZIJg3ylG0, V3u01OsNxgg, Sv8DG6PaM1s, IZjOsvDafAI, WXCi656O1Do, cx_bnD1Bqs8, Uh4rENP0HK0, IYdSQrTTtvw, 7UBdo5QSiHA, QLgUv9DS2oQ, ZBUUtVKVVec, NAsg8YD0ulA",playlist_62
PL8_8tSGm7y1DRX-GNBidroPqnUWj85hNq,랜더스 [출퇴근길 PMI],2020-04-10T09:33:21.648663Z,43,"UU5eaD2FRo4, x_uYPG-9qH0, IrKrmtEJLWQ, bfHRyMoqLvM, zGs3QaFT7Bc, Q6iL_rvPRss, 6RWPWRn-yfc, URG261M1ido, 2L8k0vtz058, pUa3xqJ_rWw, 3C88hVGWTvI, Icr-6ZzQVOY, G_DrYD8XhpU, wMH1Ml2ogPQ, TpWXxeggXNk, NgTffkmlQks, hzrY2B654Ao, SJ12a0P0j14, S5n7aota3Gs, 9QZJxjDoKl0, QnteTuQP3XQ, S8u-3hDzf7o, U251fmhudZc, aCtyJ2wJPho, m4s1AE9l3zw, -Tu_0RhCKu8, fYvZ7rVoSew, FfTZvQurWIA, yrQ-hgB_7Gg, RgPY_CSsMq4, Rzw44B7tI7Y, oVhy0XFeFdI, 8H13dzwu0dY, Tq1hyIY61y8, kTMFsS9Klg8, IqbyIw3AeK8, 1rSvpzvh-PQ, iUs9aobnxEY, JogQKBndVu4, jDfkEQKZeRc, 0RsulTSMK4Q, TDd7Za2QSWo, X6Zoj4be1bY",playlist_63
PL8_8tSGm7y1DM5oiSbEl2_50R_RY3iAtV,SK 국민건강증진프로젝트 '비타민W',2020-04-10T09:27:57.134637Z,2,"FY2fxWoq0KQ, kGoFAZxYg98",playlist_64
PL8_8tSGm7y1CQZwdQvC9Gof0zluBIushO,옛날스크 다시보기,2020-03-21T13:02:30.004552Z,2,"TvDMaksBKPI, 9GvleWVVhgA",playlist_65
PL8_8tSGm7y1AiH0PykR97gUIw2o7apVkr,랜더스 [본인등판],2020-02-21T11:14:37.374166Z,23,"NrPrYuf1iR0, ClZoKySWuds, j5MGhgLM2TE, oW-fXFiaNA4, n30W1dlsSk8, X0GhiLWLO8Y, 6EhOFT5uivM, hLIr7UexKxs, yWHWctBYII8, 5dlxg87wl1s, msrivC1_WF0, dg2GEc6JdeE, CtJrtcv0e8o, ekW7U-SC-TQ, eTqid7rRuBs, hgVvanVdOOs, 2zBzF4BmvTs, H4B2P9QW6Ig, g8GFVoz2nQM, YY8m7jg0GTs, YxcvZc6tUMs, kBy6n6qbkTg, LUNFADYOFyw",playlist_66
PL8_8tSGm7y1Cl2WxxliLUaulz2aSSTHgm,2020 SK와이번스 PRE-SEASON,2020-01-22T01:40:18.982026Z,38,"BLwSb0MnLhw, qOXZfeVy8g8, UzRdNc_8jTs, T0Lw4Fxo0f0, gJQAIgrNVwU, VvsFVgqlOBM, rRbV4b2yJPQ, s-YRzXNyp6s, W6ZbIVgs7mw, UbQDBv6mTX0, YxcvZc6tUMs, kBy6n6qbkTg, 2fEs3kwFEnE, 066DnGF1Ohg, lkjMsaNHTmE, tDExQulmnHU, yyPjxcED62g, 4GLSqBoyIvs, ylPvpsWKztQ, aCqnd9kloXQ, PJH-C86q2Cg, DOBx8PnHLBo, KRplPm6skBo, 1_SCdBXA1Iw, ydnOzEu6s-4, baFGb3yHsbg, 0j2x7uc0uHs, G4DNff0PiHI, 5CDBOGotFLY, v1-B-ZvNIec, vqSYq-oPSPY, mhb0aIQIRGo, 8s0jIQwGSHY, rkA9ZujLQck, 1YI2DjS1kp0, LTFzJmklN_U, b9-ACvaeMrM, IaeFIbV06u0",playlist_67
PL8_8tSGm7y1AI7ghPJ-IofmUDKCpY39pn,누구에게나 처음은 있다,2019-12-13T06:18:39.769844Z,49,"oR-MvdlAcfo, w8cqnf6Ba88, tRDhtBW-k6o, 9cVP10aU2Kw, 1kDZiugKO_o, E0EGM6MfF-4, -CyJwTo62TU, Zkf6t2kLe40, 6HeA-Xz6QYw, tSG2n3AJJts, i85eeWBeWDw, iAz8kuYRAgU, O9PAxOdKGOo, EQSoKTYhbjc, hACKsmarzEg, QpBzJ24Im10, _9h_C8AxQAY, DJXEsxltUjA, 9qLu3NDmHrQ, Bhz-G9oy1wg, Bta3DAo0rV8, CjmY1A4aYbo, zyzmCdk6Vpg, cYJlSfBcORY, et0CV6hssFQ, eVx5nu5OzZ8, Rd7VcGmXc7k, s7Ki7EvxDTQ, Xq-mkJ9wqdA, ZvyzEGyXt64, O-BmSSiG8R0, Sr2_ZUnbCEo, YC7LUy5NAb4, cgXn25-4lcg, h1fMxAm8RSY, eYgetDwjn6w, 9LoCiUfUmac, 4bG5Q7midto, b0pnBGWf6F0, oLYU70POjVE, 0py8PRS7vWo, NNpVgrAwEgo, QPwW0vhlTJI, kmFafK9b_5g, mHbhwUGWpa8, yHfR75RUtgM, SjiOGLOzNwE, jHVz1B456AU",playlist_68
PL8_8tSGm7y1DwZ-YVWxfjJkZ_RlmwEivb,2019 SK 유망주 캠프 [여기는 캔버라 🦘],2019-11-16T12:09:12.16133Z,18,"LUNFADYOFyw, YfBDNblfxl0, 2qJYG6XkQuA, XCjEqrocVXw, kVIwX99NMNg, -VHSidQyjl4, UvUSuVVyNFo, kR-WjmlfU9Q, VXGrIHYpaNg, YZYUkQprkHg, IvGbQrHUjE8, BZfIOpE0nRY, FGUuZmnt6Xw, Fp24raKWmYo, Hzrh9w5NNaQ, 6zMSBwnlGVo, C3jqsH5tpVQ, 1aKDU1vXJPs",playlist_69
PL8_8tSGm7y1DWMISNMK8pweKqBTorqif8,2019 SK와이번스 OFF SEASON,2019-10-31T07:56:55.397814Z,15,"zZG-2uyCyW8, LmelTzJR-wE, DKcvYMjq--U, IOEAPcV6WbY, ZvyzEGyXt64, m-EItsQueVo, s4BajAAP7kc, hCN-mulybjU, HStnkTJMaOY, T4wMhdbOzzw, Bhz-G9oy1wg, KS296jtKHQA, xYolQ6ISLiA, o8yFsW2Iyfk, IUauKBElCh0",playlist_70
PL8_8tSGm7y1CqHLyn4ZjKXsRF9Z4RTOT4,2019 SK와이번스 POST SEASON,2019-10-11T07:50:13.100674Z,8,"6ACLGCfs-K8, yg8fjC1hwvM, hj1sBVHIkAk, V7Ok3n_qFB4, vNbVjxE1SMI, UnwqzAromFg, TPoN7ag12E4, 0YZX7pz8YUw",playlist_71
PL8_8tSGm7y1AyjQyP7fQ-QUmMWZUcRPFv,2016 WYVERNS' FUTURES,2019-09-10T06:55:15.283967Z,6,"tiWLerZNlB0, Wj6bBPrLJHA, yHfR75RUtgM, z4pTwng5zM8, jHVz1B456AU, SjiOGLOzNwE",playlist_72
PL8_8tSGm7y1DX6oVS4paE_AmoR7bn5T4G,2019 드로잉 SK 플레이어,2019-08-25T04:19:35.318566Z,3,"B7jqnFMxfJk, qrNIj-BlMhQ, s4tsTS6IJQI",playlist_73
PL8_8tSGm7y1Cw1gYzAq7m08Z-izZMgaX-,2019 슼튜버 🎬,2019-08-20T08:24:32.490104Z,5,"IcA3mcmUXiw, gRLY7XWeg5M, 1Eld0EYg5DM, BIruNhG9i78, sp-M2bd7Yno",playlist_74
PL8_8tSGm7y1ASKZIk4xDnU87guI4eBhjv,2019☆ALL-STAR☆WYVERNS,2019-07-24T01:47:05.904282Z,12,"xokLOH9mmuc, g5ugmIKXRK8, 3LrHoSjjexA, W0SjSZXBTV4, tg2z5Fj3B20, roneUsan1-E, FbCOyckyGdU, _2yAfSLGjo8, 9mzHrWNeoAk, wJZC_xy52t4, K-gtYd4uQy8, w_cfpSnGoYE",playlist_75
PL8_8tSGm7y1BlZfte_OiV_zBfQ4UyS2Ze,슼샤를 합시다,2019-07-14T08:20:04.45759Z,9,"M8GOcGBUyDA, 1ZuCsLNKZRQ, oJ_q5-Tn55Q, lJYnqD6d-l8, o-_YSqx2xu0, gbXyrQGlwMM, AErjWu8x7Ss, 1aKDU1vXJPs, 066DnGF1Ohg",playlist_76
PL8_8tSGm7y1AtUwdSGuikL-jO8oMTidui,하루 시리즈,2019-06-09T10:55:59.526605Z,9,"ZonbyAV6FIU, DEMq7Oe-prg, NlvY9zO1fV4, 8hVkGuiUOF0, 7vh3dfqBaAE, N4aF8o76xP0, E-06vFBaLbI, Vf5GKChmLYo, 4F75NAXx_b8",playlist_77
PL8_8tSGm7y1DGuHv8r5gTgjzfQ1RnkF7w,SK와이번스 토요불꽃축제,2019-06-05T14:35:43.36109Z,19,"XHxhBBODtos, 6N_RJIldsR0, jG-OJGWfx0Q, _ZrCRhw3TvU, ijNourTs3Vs, kjfI_xG9ZrY, OVxVcp6wjOk, AOklNjwvcbI, oBI_elbIHhU, A85_Zm46YGE, ctbH2ubWRuw, rshTOfE1ixA, M9A22FB3J1o, 5VkL_eEixN8, PC-67JZn9OQ, tQWYNx-4Bkw, 5SCanjUrA84, rPTAeoUOITE, ytd4KZNK-lM",playlist_78
PL8_8tSGm7y1DYFKplZ3kq9FwOiYZBsBTn,2016 WYVERNS' PRE-SEASON,2019-05-19T02:57:29.603997Z,48,"-dEvifuXalg, K1Cm9ALw6MU, YIb13WQdHUA, -LHyqAn9zCE, jil9H5AGM4g, ABLiaUNuG8c, iH7qX52l2BU, 7qU2Nu65SaM, ooCACssyL7U, aGIdbKD3jGk, az9UAhkoB-Q, 6lFuFhPIh2g, Q96ZD5OhDpw, rLKU5JcTcRI, k_F9WfkjXEA, WM1Ika5rXBw, lwPxf6BxRIM, LY78e1bCn_8, Rz3FfBdI4uY, IbKDbuSDNIQ, tVJgYDcz7qg, E44YF0vraZk, nu6Tn084RDU, UdS_bLsYUt0, HmvSFI-ELsw, 1cf-nEXFd2o, wvgHTl4kR8U, X90zrpfxEUQ, nFgNLS_BjLo, BkG-ZR4qrMc, 9FpwDdPthpU, 3rJeY33xBf4, RuKMGmUIWYk, DXll8iuhCK4, 6RDzDSVRM3s, v_75WQ3oUKc, GvuXm7lFSAs, vAYt2DVuaoU, 7PT78GNxU6s, XXB4WCVRD5w, QUJA3iAjw6E, hED_cE6-KG8, Wi9SNrHpbYY, nE1g5mKNvGw, zoZCEM_g0g4, N8M4PwAnbLw, bRnBTrV6V9I, WQMY2qY6Fv8",playlist_79
PL8_8tSGm7y1DETMeCmHf_ORVBq9CIm06I,2019 SK 덕캠,2019-05-14T02:22:51.550977Z,12,"xokLOH9mmuc, neyuzEMO--U, 7aiCFfhxy-w, zM3eoNLvO-M, fRDYkexGjOU, YbizfaghJxA, iFivvFqQqwo, ZIRAr2SGO0s, pn023nRMXEc, KIgYq7L-4P8, GkUwqoQ0VGE, ABTqxlR4kuk",playlist_80
PL8_8tSGm7y1AJvXM8hfUuTR9skv8IqFKP,2019 SK 덕아웃1열,2019-05-07T08:03:00.330032Z,5,"uljQDVwnHHk, jKaQ0PQimoQ, eNwKhjHtXfw, sw_MzKOIB6E, jzybklMvrNI",playlist_81
PL8_8tSGm7y1CPc6EfjFVHwY1emdDzMq2A,[옛날스크] 2010~2014 SK와이번스,2019-05-02T06:25:59.865127Z,98,"9mNt-CErNAk, aG-dqEr2K4o, 0gA15F6SEMA, 8oQiygctY4A, mQYt5N-898Q, O_XBvZbs4sY, vPMOmq2N53k, OxUhpBMUxE4, xOdrMHqIRHI, tLHzmvleGjU, 9jdntfZl0X0, bV9YA81DHeQ, TO-DL7sw_Ks, SRLDOtq6ELY, poTHnGq3vYU, AKkEtuKGLm8, 2QvRoEcvAWE, w7X7Lj5q100, Ocq_wzrAUW8, JelwpwbTzfQ, 3Y9XW5Fg9DM, 5fgaPY_bIlw, oQpRviJoR60, 6NWN4VHeTFE, npKz7gcKQBc, m9R__xSSPfQ, B_bpf2scoDM, sgTQ9AEbOW0, KHqW6gXn478, X0iFXuvy0e4, HyLyT7KR8pI, Q3XZEV8nQKg, dd7dNRbzET0, w7gkYkJ0qGU, i3jmRWEQCaw, dAMmOXYvEEo, 5B3QtJyoyo8, RA138bLJ1aQ, YR1-K9cCCjo, kEYStpsN0CE, 2iC1_dhtsVA, eU2z6pSfFEo, tLBSX29SsSM, Jtuk_t-LcLA, MnTTRFzE4BI, AQujl_lgLYg, rgim3uUrq-0, _kcwPS1vdUk, XTcl-JK5r7w, NfolZcZUjH0, wRSYalybZuM, Jtpv40m3K-Q, puH4_ruMYcg, Ck6ccMiSsko, 9kaDayypX2g, cXgOUiD8y6w, v2Irpbb4X_s, lSuwQ8DjOOQ, iPYmnwbh4Bg, qWYH04l4lns, 92gqbpyuWpA, kmFafK9b_5g, NNpVgrAwEgo, OC535t9eaCQ, VA1HWywlo8s, enn_KLyfPqI, HTzNiWAS9b0, 1KCD-XsuFTw, dJ1Ge4xEaZ0, jE8TqBRMAo4, RpILHjC8rD4, 8utfgjKn6rU, wKzK7c654AE, h3_PkRb5eXk, rshTOfE1ixA, MRhvYpmdHbY, NOWKo4GeQ3Q, UGQfb1NAQsE, djmQt_9QGPo, -FKY4uYERtQ, on_OmptRy64, 3DLrQ5ha8Qc, l2ePSeQoc5o, SldO_eGIxpE, cyPI0roetvQ, yq65axhMAvc, _zL45ANWT4A, spthu6-Vfk4, BNsrBBBR85E, 0kOt0zLkkiE, MS6scrDldhM, ZmCer8zxBz8, s72H1ZISn20, lHXNbY_nFY0, Nr1kBh6PNcw, 0vd-_CDN8TU, -17DQbcpNfU, 344-ga83NsE",playlist_82
PL8_8tSGm7y1A2aFaD5RT9RkQ55IhuY9x2,강비의 강화일기,2019-04-26T15:49:13.545181Z,56,"9lD_HU_h2Sw, pqAchh8gx8k, QlrwaDeaiMo, lvAe3g-Ebf4, uLruvxczeGo, TXZspl1XPEY, FQVjBwWW4N0, r1Xr-_EG_Pk, J0U97D81BNc, bJ2n45jak74, A1QAuFv2bac, _xuymEq6SUE, 431igvkqqGw, mRm7576XVdk, -3UDmtxzyko, wy5rnXFdAM4, ExEz8kFWaB8, I9f2yvfLWlc, Buoa77IOm28, 176SPpTFXI0, EHqKyDj-zHs, qYcG7cu3gj0, JBY3QhbKehc, X0Z3Tn9aBBU, PiyOCQLtYTE, onkq66WpsZY, yn43gJWtTI0, vFqlrltVeTQ, px3vx3wbyDc, rrMYXSNVxKY, qrlofpkIZK8, Y7b3JkZDu2Y, _wWS7thadn8, CC48n_aF7Fk, iHl_xh81egs, Ic3T14MSWIU, fB7MPLslx74, DEYcGMxFGio, aZ9DzCaBy6s, 4dPvucjc22s, vv7Sfzn8ejM, xlYV16GvadI, bgxTs4WSz6s, YqoKd-iktG4, k4R_IuCO3Jk, jvEcJaDaAlE, v5T6YINa4e0, gYoORb3FL8o, c0u8FbHdt9g, hW_NI9-mj5Q, nHsCsOMZZeQ, XbbbT3LYAGc, QQHRIELqhOA, tq2plebw9bk, XMLsIUd4mMU, hrRnSVsr1Mg",playlist_83
PL8_8tSGm7y1CR6SY0l2DCc0f94G8gni2t,SK 월요일에 뭐하지,2019-04-14T08:14:22.907349Z,19,"BfdpsJaaprc, ZTGBskagaRs, 2qI2fgKGvIM, JS9D9Hdhzlg, jLrhmmiKrhc, J10Tz3XbAzw, wFeFb1WAFHU, 7Q17bHGDm5E, hYLKkIgDPeY, ATSOsoWuGcs, bpi6x-88Yf4, WyvWMABGHpA, Bs2iK4tTZ3g, cCgKjBJiVMw, ERB0WIfT8N4, wMVINpow_nI, m9fKH1neEsc, tnEl4R9FCPw, iBekFvlwDv8",playlist_84
PL8_8tSGm7y1DVx0frMOZZCK98z3pkj1yv,W PD의 행복조공,2019-04-12T12:35:50.80863Z,3,"f7xyXPdFNQM, XG-LGFNXZ6U, Ofvb_ErKYXE",playlist_85
PL8_8tSGm7y1ByXQQqwtngEFuJZ6bwwsGl,2019 SK CRAZY PLAYER,2019-04-04T14:23:43.033528Z,32,"n4lBE-B3sDI, FYO4yGe5EDQ, YHwNMm1cYqk, Wv5SeQVWbhM, dhV9votxuts, a6O1no0qI7A, aSYTfXuwq-A, gzsT4RoPSNM, keV-sZIrkwM, GXXhyTgVZ1o, 0CCMlAXaxVU, MgHydHZYSws, LJS4Isj2XwQ, xJ1XNAvOAbg, 1VLSAYKDRyI, fBKYy-vWonQ, PvLBhxYivl8, fNV3TIlbDSM, 2PWhnJG3DR8, GkJH7nRECN8, _PblM1KtSYo, IUSjoVpdOao, 7eklRh-0pys, mEDLI1CcFkw, aF5ANMQuQOc, 8MtNYfXc3IU, iQjBXFeSG8I, Pm6ABxu5G0M, zFDDyTD_0tw, I9CkG2SoGTE, zpGO861oxKM, VV7BGUjCS3s",playlist_86
PL8_8tSGm7y1A5xfuL-wD_Oo73TiFhpKTB,2016 WYVERNS' STORIES,2019-03-29T06:06:16.00899Z,49,"UhNylYdLhJA, YhVc8X0JXCI, rMG_6q2LORE, rgJ5C1jD5Fw, Ppi524Njna4, nso8MJON1DM, saDeVxNQUY4, hVTymgp-7EM, 5aKxWN2nPuA, AyipUr6_O88, -QSSo6wGebE, nrzdhD4dmek, Vmjruaa97xA, JwVjMU3K5nE, Uslk1ZgKHVA, Z_ARPXtK_BE, Lch3v3Oa7Uc, pKhgG6mQM7Q, L20Dh7JwiK8, s9dFpVrV_r8, -Bg-09RHvmU, nOhfRTXhLHw, 1ZIBPurIOdU, rkAXRKtQpac, jykhL2TXtFI, fVoGMO6rS0Q, YC7LUy5NAb4, VGOHcGiLEpY, OUmICJWkF28, CH3uXHVt8Gc, NAsg8YD0ulA, ZBUUtVKVVec, mHbhwUGWpa8, c4JhbwMpz4c, cbmpxHbimrI, vDd4Gnk4ljg, -Baq3-_OiyA, nEbqRlaEITk, PH9uvqW7Wfw, Zhs7krjGDZk, cCNVaUsBAmQ, zUudY_6sSfY, s5Ti2yrSMwM, qATiX0NwSWg, X6Zoj4be1bY, Vtr9FV5vrg8, mQEANnS4QuA, Z77P2ZetzqY, 5Wyhib8Nm4w",playlist_87
PL8_8tSGm7y1Bce6-sNHdOmIVBExExZTJL,2019 슼케치,2019-03-29T02:21:03.110826Z,61,"IUauKBElCh0, vNbVjxE1SMI, UnwqzAromFg, 75ghBimEtNk, EG3Q70vJvhY, YFGk2KmnkWk, vaADkV45dLY, xWztk8CtN5k, o3K8TB3dwPE, TbTbVtf1VhA, X3PnW3zCAfo, 0VJxCQCy38c, NcEEd4xIYSs, T21_5HrfGWo, 3rAPnToCH7M, 2R1UhbfoSbY, yIVGsUC35YQ, Rd7VcGmXc7k, 3LrHoSjjexA, W0SjSZXBTV4, qyLs-9akkxA, Flx6WOPTcHs, owH8UsDrASE, 5cQPu2pHsY4, nke1uxzQKsc, ZxYV9V6F82o, 3XQrc4uA6TM, MGBpSY9X8RM, kHitS4C-jj0, 36RinaHUiZY, eKe1ATXvb5M, llkRBVIkoPU, MwQm1VqO21g, hc6Jlci17TA, 1Vbxs8lGVys, 5wsDmwsSnNI, dBVO-aswpgk, XbbbT3LYAGc, F3xQ1FUzoTU, UaoqEqLiymw, BrTUiVjAb68, uDT-h1_ZzAg, ZbqP4-GvkJk, kuL2DEvcw3s, RvuGeaMfUZs, GnEkGzc-LCs, Ywy8sOIp1zU, ZaGrjYywU00, 9YbSVolurng, _QuKn2sBaIw, C2a5yA7vPeg, zeQR3VExua8, BqanfrLyBNE, 9HvtWFsJbhk, Djp-438fCxw, yAKFK1IUTV8, v05Zy7IQvXY, 6vu0ag6fSVQ, vLEc9y_QNg4, TX76bBRRXsA, OeSVbwCIyEg",playlist_88
PL8_8tSGm7y1D8A4QYZsFSWKx40vlZhj_h,2015 SK와이번스,2019-03-27T04:51:23.262051Z,25,"9_ycbk2kGZ8, QmWzj-FGHss, NyCqWmTL3Q4, JZBXe90W220, DjS0_PMVSbg, LV5zchWO30Q, iodsLfXF6Yg, 7XojauCfgbU, uTCXI0V_hQo, dXyNTFkFEuU, 59GNPsZyNb4, MnuI9VpGbYU, 3leOeTyXG5c, WB81V8Y_raU, Zzec83_oE18, 1Mg-fpu8bXU, 5oLYgTlG4Ak, c7tRHEc3HiQ, GNbXJTE4ClY, BcaapAP-SoI, YZJg-lRRUA0, OkIO7BfkMrM, wsJWJa0VWyw, oBI_elbIHhU, 2UQgUWvqXXY",playlist_89
PL8_8tSGm7y1CF_DBJI7KcowRVxZgpHVDC,2019 SK W-MOMENT,2019-03-23T10:55:46.917876Z,93,"yTW-ikqbNEY, rxiIdW_vvhs, yatdie2yqLQ, 0t0pnEQgPeY, 4zlGyX7Lwtc, gq5-IftagFU, xsMjHj51Idg, wEU-DuSbenE, AGZdM4KcsNM, _yJkoPAv1m8, aiMxGRAyVbo, UYyXMG3vl_w, IcLRxJHegdU, IhWbVywnYoQ, RGleFikVmno, nHf-hssyXrQ, ITWX74hfsYE, lG5IwOrJBl4, _yLSHg0qdLw, wXytLqfG1TY, bO-K5jmvrCw, TMxPrQQchUA, 2aZv5iujFXg, rPUodabSIso, 98iZXPB7Sy4, RkDdI1QyJjA, cCsQQU4OCpw, eS9u7avieZA, TJhJRpKH1Lw, YWIW9NX_hT4, LJGbI2BLWRY, a9s04JMyrP8, FastJEJyCcw, V4g55NgU4hE, 9ivWBbzVddA, 1CaGakdm32w, 9AfiPDc6Ahk, WEGkgPIagvE, ji5FpestnzM, 0GD5UBEmtTQ, FmKst5NSi_g, lAOKyno7zT8, pmmaR-ecFxM, nXFoz2e7Q38, aMTj44IV-lk, GfvBBpVPCMg, Jaa5eI2oVoc, _ZT2dyWOlqU, wSw-j02HLOY, BwDPwL91PKo, icANJd9mnxE, 4cHSiTZxdoM, mQ08w9U35hw, SroDLyZWjc0, 6Dqf1RUICGA, rA0Sg3rYjuU, Ic5D2Tg9HOw, brYIz2nvVHU, my55bRIQzjs, tM_GdfX9SFw, VB8bTRvS1e0, g-dwtetCFtY, zVMelSdccqU, Za23WcOV2ac, gN0jFrJZ8tE, 53zSZcI-Sbk, 2EDBph3wOFE, roneUsan1-E, tg2z5Fj3B20, FzCHovliw2o, 2KUz58GUlfA, 1_wbWnqkcCY, dctVMt9DfI0, NiF52O5dYSU, UFINtupjZXw, z6W9J8KkP8k, IesyumIosjs, r2hql9CV6pQ, 1DhJG8PPnJA, O5047eGX3Ds, bbgEmeBH2c0, 7PpsAu1-mqM, jSfNO6pgzxs, ucqN2Aph4FE, q6HL9gl4XuE, ePc91082AGo, ujjPXybgI8E, zRlrfyMYbzE, mpreYXyRvE0, iJBpigS9TKA, e68iGfZW3nY, EGHnFX93WCU, w_-F17QYUeE",playlist_90
PL8_8tSGm7y1AeikwsoSyG1B8K1n7XcBFG,2019 SPORTAINMENT,2019-03-16T11:27:56.493022Z,17,"a508OKL0NLc, 8WKeRBhfsDg, uqjDooJ_cGI, mXLzIIRovGo, 4DJSqP_i2k0, i2mopCSjZaY, cuDdEUHYjr4, DvElRZqWw-0, Qu7Yd7rmDgA, 6CH5sfVQwJw, PbnIxDo07VE, QiUp39Y55hY, rqaANNRYUfc, QL_7KLUKCes, Wqy80vzImOQ, rYTV4TM-2_k, CmHVK2_sbu0",playlist_91
PL8_8tSGm7y1DTHXNzTP_LYFTJbhbtV39z,2019 SK PRE-SEASON,2019-01-06T07:46:10.034057Z,43,"h__PlKBEvrk, heyaUB8fZYg, kwPHq28YBiE, r3KTfsTFqnM, o-_YSqx2xu0, IYNKsD7-ZPs, 3Uyv0vtzt6c, LvP6i0_d424, qIyV49vfubU, d6r3N5Y678I, ND8kNhM731A, NfspFNOJnLo, ZKtX12yePEc, 0LCZp0WCvHE, l2Bg8l96ZEU, uAZIqrtG8mc, SthDmlcaEyM, YWWmVVIRu4I, lqyjIvUiLmQ, reDoF5qKFgY, dMrmR8nOIFs, DI82_qBDeCk, s97AXA2FXvg, X9gjT9mZ5kM, lfBBY4A0uPc, aKfYqUIgxGw, eYgetDwjn6w, jvf5_kKCBKw, Xqi0cOVw3kI, aX6ii2RiQ14, aX6ii2RiQ14, sbluEAti5eE, HToYfh2al3M, hn3n0-76yq8, GFVSqC68vdE, gfyZtQ4QdKE, PFmEcuRl4jk, bkkPzbS1MU0, gbXyrQGlwMM, 6C6oPyWeqsA, oYbYX0lTH8w, JhvLwPGVnD4, E_Ahmvk-0Mk",playlist_92
PL8_8tSGm7y1CV-XzvCoIejeFWENX20piv,2018 SK OFF-SEASON,2018-11-21T09:33:29.106553Z,9,"3ZkF_Lv4EoE, WowG7jgf_pY, QGod6F5tdrA, h1fMxAm8RSY, tCooOqdWM64, 2d99b0g2a_s, 1e_ZIReje2Q, K7olhFlbIVM, U-lT26ueUtM",playlist_93
PL8_8tSGm7y1DxJXWgv0BkEfOjP5kI8AN8,2018 SK POST SEASON,2018-11-20T04:31:54.40093Z,37,"UzntzuUWkzo, -8j5wl65DJ4, 0h2VCWERAt4, 8XXkTg5ajWk, zAllkRMftKw, 1m0c8NPcvMI, vRWXzfcmefA, NraJo341aCg, 8mcBV_QAbeY, KaPJ6kN3BrI, HI0SOtKHTRM, UogUDvfW-jU, iCjWDsewmrw, UwYBeUsQA9E, IXlotOkOQn4, uFml77R0J_A, G2HNKI2t9Y8, UBqAL78BHAY, 8WSsqpFG2Xc, 7jf8i5ClkyE, m6repiTrFIs, xuLusYAHp_s, U4tvCx_tRkk, BfYcU0YRJps, SwSI5-xyS80, tFbw736UL0Y, K0E-Lu7q9d4, IxbKPbRjjT0, Ixq21DSl9Aw, V455xcnBLjI, qfBHwyaWTE4, yeGc0UwIQiY, t54kU2mqEMc, bEEtsvTipoY, lcYxCImsvjM, NiUMbBo2jpM, 3fwj2OrnPBg",playlist_94
PL8_8tSGm7y1CcOIuiskIgb9XKCFHL_7EW,2017 SK와이번스 주요장면,2018-09-19T05:54:35.704235Z,76,"Pf8px5RqrCY, N20bYAiBvy4, IXCqlteHkKY, Zlds_3pDF9A, WqoWCM6x84o, rgOcNFKcFlo, tQ9cJmlJzqU, prcP5v1LMzo, vQYFyqJWSiI, j6-x56I5AiA, VAGoVO2vM_Y, YLlQoxRc0MA, cgerDAok-4g, 6-Btdgi6eXw, QZwtp9rD0vA, YwdSYbVfTZQ, ITxhDjkWnO8, UyQwdUIB_Hw, kH9l8jq7O-0, WRX4wBYxXz4, UuhbZYi0oLI, KdAaWBTEjQI, DRV_xz69HNo, _1FeyKnQrJQ, kfynkp-0MYY, wFJVx5jpNsk, jrm_zJzCrzY, drkyrKVj2-A, lZwcqHPntWU, 1Yj4ugoWWfQ, mKTctgJLlO8, 9ndYVaA34IU, NxO3GIz6lM0, 6EG9rYVvmIE, PfEqMSkJroU, Ao-bguGJrK0, o8WmrDq4TmA, wxp6vZzHdZA, iOT4uWMuhWU, G8m35PxSODY, 0LMuFbqx_Nw, 6zBhQnQJNpM, Gixb8T_2KVo, IZBwj6IZ18U, wiJoBIZ0F7w, inqlyHd34k8, QEhsQLBcCJ0, e7RbFhqhWNI, so_SstA7m1Q, 3dQaYXuU2NY, K61rfgoiE-w, N9GiMKW4DBs, LYOYstioevU, QJOxgVbCU_4, y3GPVeLaNb4, NHkxFB4qguQ, 0mezi9PzCNI, uLElmxFH3Zo, F0OiHLNAiGc, __HeH4pAEnE, BSJgijbInqg, hpcTtd1NaqY, cTOlaN0vxeM, xzf6jevUZkQ, tQ_MAOG6lPo, d5oocqPzVMg, hyT3G_B1fKI, iBOtvZLdP8E, bGsmvyTZxaw, HJK0QkwBnfY, Ky5_ywstAEA, QuPdmHcA2m4, _BmBOvjxwyE, U2VC5hPb8gw, eiwQDNth2eY",playlist_95
PL8_8tSGm7y1BHlk5k9v0dMkIq_1a2raEB,2018 SK와이번스 응원가,2018-09-11T02:43:50.594971Z,1,5JF5sxWg0JA,playlist_96
PL8_8tSGm7y1AmLDsGyEK-PsdkUoYZJUOo,2016 마춘텔 시즌1,2018-07-28T11:43:24.685915Z,20,"1LbQKXLscKg, ogJA7gQlbDo, b4oTSnE7C2o, mEGy1v7WYN8, 0eHXgLB4u8Y, VlOX0hJPUuI, 72M-fOxDywM, w0u_T7OK8FE, SRs6_J4nHmA, LxCrQe2Z0BQ, pyFZwReenkk, r-z9IVbcLHM, jq_Wx2nC0e4, yqGZ6STx9Fs, jjSvzMtcWpQ, JLYi86pSWlw, BPwg-aojzs0, xaoQO7LeO5Q, RrCcvqFahxs, Ssi4RA4iV3w",playlist_97
PL8_8tSGm7y1AcFgpVMa7fPRj0VDSXVxCn,2017 SK PRE-SEASON,2018-07-26T10:13:27.864318Z,3,"d5LCxLdKA4k, KIgxMxpOv7o, gECpeeRGdAw",playlist_98
PL8_8tSGm7y1Ad5uXXf9fdbJXVsWXDgQzF,2017 마춘텔 시즌2,2018-07-19T04:36:57.59937Z,13,"uDqSrLCJr9c, En4S1x7FUDs, obQ8bfWUiLM, vBBWzgGaZas, Z4OrL4m_Kiw, ozwQ9MIdzvQ, FMc8TY7X5vc, m-sSTxpVd4g, bbCrRcTKZKI, 1GZmWKuXS9g, A3g8kDkt8hI, 1-RByehVJvc, GdL-0abdK2Y",playlist_99
PL8_8tSGm7y1CNXyXbeMbg-b3pZXiPWuVc,2017 SPORTAINMENT,2018-05-31T00:41:48.354067Z,15,"NrQznbk4v3U, bHy92TUsqPw, 2AV4qtHvEiQ, H5aHvRVz64s, dYbyl20upF0, Y9akX15DnjI, etZ_X1cWEYo, m_5MX_iyV7U, KwjCH8-gVs4, EzjSoIRjY30, yJSnB_nwXqY, AQ88PiSjYfc, xK-iSh6X7Qc, 9-y79tZvusk, GdL-0abdK2Y",playlist_100
PL8_8tSGm7y1BDTcUjxtN5izRrm-83Ty8p,2018 SK W-MOMENT,2018-05-26T07:01:57.322915Z,98,"NaXsFSpiSSo, cVrWz4ep0J4, iRg5vH9-nYs, DTi3LSwuAy8, XEfN4EXVwuc, bf9DVWrnz6c, SkCL3F5P5go, CHY8Z19KUrY, fB6bLnfqfaw, xuewWsyVquE, ypsEt754kV8, dyAo4Ya2FUQ, qiazo3SiNEE, EiZ8fNjB1gk, 1jGEBud002w, JiXACQs-2bk, TVMylf9oPFA, hCKxCvcvP44, TNBebcvuj7U, ioYjTLQxJoE, YCwMBoAaaIo, zazNQIJIRts, ag5E-WlU_2w, QiPeXS5C_7k, ZU_zWpaG__8, TF4GQr0QUNw, 8s_wbZ06Cxg, WcHMYJObBi4, SgZH0-w7QDY, GFEwkrvZ6x8, Rzjm3s0KWX0, id6UGgdKV-g, yU3OIZAQQTE, PySIEdqufVg, i4ybjk8c9B4, XzQxuLiolcc, cIyWVL190h4, Ly-huc74NIw, E5OZ9NU-32o, SIeXxMGQvwM, 8wioyv_fJdo, 6wmeuGc_MYE, a8V8g8gfnZk, p0yAgWcr1h4, HJeunZMJZ0s, 54iP_jqaCq4, KUzDsju08js, BzriJN_CQak, e0JrEdtudIk, MsprEeLesL8, YXuLnWMNKFw, ekE4KAdnfw0, JWUbNGaTfYE, By_dMG59-0I, oAVFMTR-UFA, V0UdAckQ92A, X8gVtGt2SyQ, IHMftf3ghHM, ARtoYJK6qUQ, nqqNPOvI06Q, FFheQn-Gkhc, Rm3qN9-e400, cpcz4wy869w, 9Qvt2WtveDs, 1xaBuU5t2DE, IqIUzy9k3bc, d4oGW7FAOos, UntBlp7051Q, Q6AfKGP-ua0, WrP5N-hoYSw, HpngHmOjK1M, YCIrsOl6fig, 8y9Vj1B9VcQ, 6iJqHsmT-6I, 6YBe5l6KkX0, -BHbJSHA2L4, tIRHVGWoD40, j4WGYpHZwQI, 1H9_qKKC0aA, C2rh4gs0O04, zVUpxGc0Lsw, 7nGVKHuxNmQ, LoWnYHpujpo, adwymlNOl9M, CB55tVCOQNw, Zoc-KUMEr9g, jLR--6wRezo, FWqKwBVm7bo, yWOWTRkdO38, lp105D_cS18, ZKy5c8wDSxU, iomPeWOiZnE, q_Tt5UpDEQk, CDOADYbxKVA, s9DNK8fWDeo, IBThzKW56e8, LiVXvIoTn6Y, _DO2QOcNfXk",playlist_101
PL8_8tSGm7y1BN83Pv0QRFTADFYbTIyGa6,2016 SPORTAINMENT,2018-05-26T06:58:35.03415Z,30,"sZvCnaMiI2I, -SE6VXxy5kg, Ycd1bhePQpE, GgJf_Qv3vZA, MqHwYox93RQ, 0Opcnd2SSWE, Q95_0yUaS-Q, RdQrbSm9N1k, p6crnKDa30I, 6oAVklfRU_E, dnpQBRYYvvs, 8F4bmuOMHi8, tOdldwXSq4o, E927iaZ0Buo, -W_774fPB6Y, vtm8H-Vt0eo, 9x3GujyfYKc, Ww9FizmwuLo, sf8Wds8kPRo, 9M4wqGyO5q8, HvF59ln9GR0, xqcfiq8FRb8, 3SBcGgdPS4U, KLdCt8Lkg5w, dRRL6-v1C0Y, tTqjh2YYspU, F-1zCABacEI, _y4xMIpiPbc, mdJ_m7Gz9Rg",playlist_102
PL8_8tSGm7y1CVq9v8j-nbtRpfnFv-JNOG,희망더하기❤️,2018-05-26T06:42:14.581353Z,45,"-7-8S_bfd9o, FpMDRG8yZis, 417wSnepNP0, gX4tA1HgrCU, 15o2cwegjc8, zm_drdsqhTI, mt7-ugRzieA, CSLCfHNO8K4, y6kGx0U41is, 5zPsB4yW33s, 3Vyn2eTZw_g, 4hLvSuPu1Ik, X7ziSskAGSA, -OcixjJNTG4, o8yFsW2Iyfk, IydmF5eSGtU, XGpVLJsQBNU, c0u8FbHdt9g, _46MkelrMhE, AgIYvJ5qQpA, KzFjPlnXerY, CyxEf9xV8OM, ZsNN2yiJpYY, J49piA0YpLU, A6hmDUuFxe8, 2zf97CMWLgQ, KfX2nHJkwV0, AnF5OyKgjPQ, zMSh4zDheog, 7T8S5GOkMQk, h2D0suZYzMA, Z1bO9HThrNQ, vDQYhfJ3YhY, vX_mSR1q-fs, Ag2FOw1AGus, skSnllpodnM, wzsoemRF40E, kWHk_gthq98, pfafsg-jMVI, bV9YA81DHeQ, SRLDOtq6ELY, poTHnGq3vYU, lSuwQ8DjOOQ, iPYmnwbh4Bg, HTzNiWAS9b0",playlist_103
PL8_8tSGm7y1Ac09Z-G8hBvNI2EhyNzqik,2018 SPORTAINMENT,2018-05-09T07:38:05.537296Z,16,"AcFfLL1P-p8, mQDTPj8Gnhc, C9cF-CRB4qs, QUMVs4Gdzn0, nPK8ctSi-1M, SYtNkvWec6M, TPf14EbWpxc, diHkT-ZNB18, F-0tEM07AY0, 2kehPgiJ13s, 8rLz7k-uXPo, J_IGnXOEilc, QJ3CioeJRQM, uUeWIfUl2IU, lk-MrgcSyVk, o63We--02Ms",playlist_104
PL8_8tSGm7y1D5nouw43J0MYVKicOKfj3x,2018 슬기로운 강화생활,2018-05-09T07:36:16.71246Z,12,"EwjsdCbEpbc, M2MDXy2u75M, TFMC2x01wLo, ADt_oIqOZjM, X6QWJpTgC7M, mBYitFm45YU, PU9kLCjzaxE, mIFWudFykE8, d8hOeJwdMvE, nr0VHw3v2SA, dnU0RUbTbeE, t87r0e1ynnI",playlist_105
PL8_8tSGm7y1BUE7zq-OF7ZHPCPvRwuyyF,2018 SK PLAYERS' STORY,2018-03-24T01:40:48.930957Z,54,"xIEeo9HN9rs, vFXgUOWRv6I, cf-jVZaDkHI, qg8IcGKeWok, xBLpmZRAaKE, _zyKcN1vATY, sHX-uMvEKMo, Dco44IFDscs, LuQDYxVGlPs, InlCbPpwd3o, DsC6bB8Y5Do, 6EtG-L0UiEU, STXj5QEPwQU, n3m2NIO7lF0, 2IP1Iil2sRk, ehDhOj_Ny1I, 4rFilTqdopA, jAUGdVRaTNE, oFneBWyzr84, -1LPNa5hm_I, yWAehIjyjGw, TMxAlbOXjTQ, QvRKUTEDXYY, apEWB6EKj48, yxl30qlrNNc, OPynMNJJp8k, YU5EHH8BLMY, _Xd5uGQHoOA, CV3-qjSqBUY, i5c0kG-VUFI, Te2a1LJzOoY, IEHRmNGdw88, uqXMgYvmDsw, 24VFZSb-WCU, 0FUmTlqQC9U, UWBwc1zIynE, fa8eKndvMpM, IlJ7dkD4Q68, 3C9J3-YrcMM, JPFXNgpd1Dc, _fGNJnPZNLQ, LG99gLv0I9s, i_yda-8YkX8, 4tgR_KqzW4g, ylbnPTp3gKc, xXWVoZ3crh4, cNKkKrz9j3k, ioAHAS9s7Qo, Q8ZFRpJGH9s, dV0PktoSpKY, wa5Gi52OSdY, kTipb_Pyk_k, QhS5Y5F2wQM, QG7OCrVAV20",playlist_106
PL8_8tSGm7y1A00Wgn9-HmTdwX-_ermXJR,2018 SK PRE-SEASON,2018-02-14T03:05:35.37214Z,38,"GhEJVQkDZRI, CnZ-dgK98O4, TE9nXlNHggM, cNOnVq-b0tA, jAUGdVRaTNE, cf-jVZaDkHI, 4rFilTqdopA, B6AsNCx0fbg, GPq1NtJlyR4, oBO5ESO_1OA, Ap96PhhroVI, Ew0t3TwxhXw, uR5l3FTXGAg, 9jwoxszdIDw, OiW9bwzDpLE, 9e5wVKZ4LWI, TOiUHvHc68o, F20XodqHids, gcbogv1NOgE, GdJADOkqrKI, xh-9XDzG8lc, jtqCU5AaT6A, WbIch5Z640o, hvXbSZXm3Wc, WR7QMSi0Ff4, eqRNoPwifpo, GhEJVQkDZRI, nt5EgLo303Y, 1mqo96hEgKE, Ui6VEqNThvE, QHLh3YPhkxo, G0be8Y144XA, pQpJULgCvLs, _u9WBkjmEyE, 24VFZSb-WCU, oFneBWyzr84, -1LPNa5hm_I, 6EtG-L0UiEU",playlist_107
PL8_8tSGm7y1BBo0Pw0SZvJv7CpQ2Wfny_,2017 가고시마 마무리 캠프,2017-12-12T07:02:56.199574Z,10,"pL8-wAPPzFY, zEARr7tThoU, fgMN2SdsAT0, BAb5tAuO5dM, ySMekr2n-h4, yhtgWxjqlWg, cSusT8thaZQ, c-B96mLa8uA, 5MbZFJwCH2k, RdQbN6OcOws",playlist_108
PL8_8tSGm7y1DGYYeSuKxtSHdg-0WTq0DB,2017 SK OFF-SEASON,2017-11-14T02:33:59.782694Z,16,"aceq7R-EmX8, Yeb7fORdebw, k-1oKjxaOrw, QkFA09W4rCQ, cwNBnRPd0N4, 96SUys4Mv8k, YVYdsX01oaQ, mFJrcJbat10, GJkgn0E5DZg, VDwUVuvc6Dc, jgZ-_qh-uvQ, 1Iwcjw4VVBs, Sf9nMxmyeC8, oOaL06DwWAY, 55vjyqxcsVQ, PM_sVJcxg8Q",playlist_109
PL8_8tSGm7y1B_doEPTcrpePyPjduQZqxQ,2017 SK와이번스 숏터뷰,2017-05-25T07:56:03.530441Z,14,"VZYGT81eCGw, 6BJhMUBJn5I, DS4FwTQ_lxY, tw5jnuVFaMs, 0WkBRVAVSYo, UJFPmQ1F7S4, zWzVHgi1hDo, lf-sOUr2LTM, EDzPNqrIJS0, uxZf5OtBows, uxZf5OtBows, U-9reeVKGFI",playlist_110
PL8_8tSGm7y1D5GJmucPIW97kgRLw5-nfX,2016 가고시마 마무리 캠프 [SK와이번스],2016-12-05T05:08:00.181218Z,44,"F8_ErJZLN6U, CzWntxDtMEE, jLJU3_3ZWeY, MSytAhaO8wE, E8c_quMHb0k, WTeRAe78TPo, SPE2qzGdZnU, T1g8RXi4xVw, idEjFv6r9s8, JwxiZts8jrs, NYJkw1PczO4, h-Bi9RPSsk4, DcC0V9qNOX8, MrULku5T-x8, 8ngfrGnFd6A, rpNG2BKuhDE, PcV23mdWpaQ, 83XT386bj60, 8h4vmuAUBxE, xvXd5zOGe_A, lYXAnL-ZbDQ, KTkFm0w_r2I, J-gSDbTtUEo, kY5iEd1dd4A, M1lNy3oK4O8, cPrVWwzy2Q0, r8ILQ3McMGs, 4azW_QvGJRs, bZBH6rNhDaY, 0aTDUzfo9YI, QHwVI4Odwas, AwIdF8FpRFI, YyMTQK07uY8, sPGyXRtzGGk, 2Jsoc-fH3D8, lDQZHj3U6iI, vXWjSVdEzTU, kZF7aOAIqHU, ro48FiPe0aE, NC2iEiRqJzA, H2eM5NnPUV4, yqa1-76_axg, qYkQRxzQ21o, Hkd9sPAi45k",playlist_111
PL72F1203E06947DB5,2016 WYVERNS' GAME H/L,2011-04-18T08:22:44.974678Z,113,"x7Abw5oxUsY, jF6YO65JPFw, veFwJAzHOHg, K270kbxlh-s, k2jH8xzN88s, Xjs4n4k1hbc, vDwsekiGDmg, M3Lxzqff6QA, cFNyfvNnzmU, 8J3gmistcks, 2KlCFCF9r20, nh-KrBNVHwA, fFmqyOh9wAQ, Im0Fqn_GLQY, VM0xtdChl0U, nm-Xg2S7vt8, W--R_jBi3zI, yrzQbQr1cvU, 57-kTI3WOZk, 2LczbzbtgpQ, y6w0WWg5HhU, 2BVI46v_Drs, hXDiTBkjo_s, by7h1xqavLs, poq-j-T0j6c, yKsUAL2kus8, SUlzma-J1bk, rc4_LQaitGg, 0YJIL0KmOYA, t_k3Uof06Gc, MeqALVPgEco, mHPgUI7QpSU, KxEfT_mrWOU, baxajo8_8XY, 2k8HsptdtT4, t5Xc5Wf1MYc, SE5pWejAWVs, Y6_SvNW464I, qQpGGMNbETU, xmtQxGAQ0og, R456oZ1_qEI, 8p35hT9wU5Q, R87KqtQ342U, 62CoMfKP5-Y, SI2IQPP0MBo, ZtCnO3H1Cig, SAAkwuY0yVY, BusMiW4oxyI, lx3hi_6MBQM, 7O2Q7d8veq4, zAKwl7Yomks, MkPnw-D50YA, w4saZLvrB2E, KHU60bZpIX8, _sP_vnwo5Rk, hr-gKV2HbxM, v8DDDjQsqdU, GUh-ChPKBrM, FR3N-h2THjE, h__j1lQQuCg, nrkplKYLEow, yLkMLEQn1-o, YWnzJVtnQvw, IWT7nxJiYYU, Obz8iD_Zf_I, WzRtxVx_-tw, iZ6PbA4mzLM, vO5r8nuzzck, IhvkiaWvyRc, xj6-cSUdU8E, cNm0_YvpdZo, w-MF2TstBx4, igVk87PUt5M, KpDa3t8NeT8, A31jCuj9UMQ, 5mm2YLfT3dU, kqZKqBD9DrA, Gsh9XKxt0DM",playlist_112
