video_id,comment_id,author,text,like_count,published_at
UzntzuUWkzo,UgyqzfVRU2m1Z8Upb7t4AaABAg,@이선우-y1f,한화가 플옾? 개옛날 이네….,0,2025-04-22T08:39:29Z
UzntzuUWkzo,UgwyRP5mkVLFeYU2WkV4AaABAg,@babdodug123,딱 이때까지 좋았지 패션야구 생기기전,2,2025-04-19T10:49:14Z
UzntzuUWkzo,UgyihnAvc8FeeEmgTCZ4AaABAg,@GRMY9719,주기적으로 봐줘야 팀이 ㅈㄹ해도 참을수 있음.. 후..,1,2025-04-12T03:46:47Z
UzntzuUWkzo,UgzJKl9XeKTQdE1YkVN4AaABAg,@rydrhkwbffl9349,"김광현,김강민,최정 ~~~우승반지5개 ㅋㅋㅋㅋ",1,2025-03-24T22:10:59Z
UzntzuUWkzo,UgyseffA1Fa1PApg9SB4AaABAg,@김민국-n1l,두산이 SK한테 정규리그 상대전적은 우세한데 플레이오프에서 약하네.. 한국시리즈 3번 만나서 3번 다 SK한테 졌지.. SK가 단기전에 강하다..,2,2025-03-09T15:54:07Z
UzntzuUWkzo,Ugzz6tqUK1jsnGXhh7R4AaABAg,@sameresults,40:52 졸라멋있다 .... 진짜 피칭하고 걸어나오는게 ....,3,2025-03-08T11:20:20Z
UzntzuUWkzo,UgwCI1QTpcdVUcqkWZ54AaABAg,@borisom88,2025년 아직도 이때 우승 잊지못해요ㅠㅠ 22년 와이어투와이어때도 좋았지만 2018은 그냥 진짜 지금생각해도 소름...,3,2025-03-07T12:59:01Z
UzntzuUWkzo,UgwjwdTu-DQCu_WpOSh4AaABAg,@미라클박-s6r,37:10 영화도 이렇게는 못 만듦,2,2025-02-26T03:40:03Z
UzntzuUWkzo,UgwUQ2JS6p_9lOZhnG94AaABAg,@태훈-p7s,두산1위 준운승이다,0,2025-02-20T03:31:08Z
UzntzuUWkzo,UgyC6l7BuUgDRuKO70V4AaABAg,@토마토바질,"우승하고 울었던 그 날,,",1,2025-02-03T21:02:54Z
UzntzuUWkzo,UgzHkveF9xwoBdMYigx4AaABAg,@김서연-s7f,❤,0,2025-02-01T07:26:54Z
UzntzuUWkzo,UgxR883XTihHGbIIDUN4AaABAg,@KimHaeYungumsulsa_Kim,개막하기전에 또 보러왔어요,1,2025-01-10T10:38:12Z
UzntzuUWkzo,UgwcF53ewbP8W5Y2c254AaABAg,@정진영B1A4-cz2mj,ㅋㅋ,1,2024-12-07T02:48:45Z
UzntzuUWkzo,UgzUskm3JsVEFNUvhLB4AaABAg,@나낭뇨519,김광현사랑해,2,2024-11-27T16:18:50Z
UzntzuUWkzo,Ugx4Eckbg1r_QPesJkV4AaABAg,@choongkeunoh4637,2022년 와이어 투 와이어 우승보다 2018년 우승이 더 값진 이유는 어우두라는 말을 무색하게 객관적 열세를 극복하고 우승했기 때문이다.,2,2024-11-12T05:56:09Z
UzntzuUWkzo,UgxVkWUBma_6mhf_1tV4AaABAg,@Ltw5,난두산 팬이지만.sk화이팅. 내고향인천.  하지만  난. 두산골팬.  인천 우승하세요,0,2024-11-04T11:39:22Z
UzntzuUWkzo,UgyeMS91pT8-d99VTUl4AaABAg,@user-yd1eo3zt5m,그립다 와이번스 이땐 관중석 색도 통일돼있네 개쎄보임ㅠ,19,2024-10-27T13:22:10Z
UzntzuUWkzo,UgxuFo3KF2Jg63JKZR54AaABAg,@하로-q8h,42:40,3,2024-10-14T13:54:00Z
UzntzuUWkzo,UgxjQL7JOC0wIin7IqB4AaABAg,@user-st4pdkks11,김강민 은퇴 ㅠㅠㅠ 이때가 진짜 그립다 언제 다시 올지 김강민 은퇴 보고 오열한 사람 개추ㅠㅠㅠ,6,2024-10-02T15:41:32Z
UzntzuUWkzo,UgxtI3-ApV6D8VkJgHZ4AaABAg,@이건아니조,오늘도 김강민이 있었더라면...,8,2024-10-01T11:32:19Z
UzntzuUWkzo,UgyPtVNZymQW5K377Vl4AaABAg,@extreme8759,"누가봐도 mvp는 최정 김강민 한동민이지만
김택형 김태훈 정영일 세 선수와 함께했던 그때는
진짜 컨디션 개판아닌이상 이긴다는 생각뿐이었다...

지금은.......150 우습게 던지는 영건들이 해야할 중견 마무리를
마흔이 넘은 노장들이 컨트롤로 극복하고 있으니....
프론트 개판일때 보여지는 현상을 겪고 있네....

p.s 노경은총 내년 연봉 200% 인상해라...
나이 41살에 38홀드가 맞는거냐 ㅡㅡ 믈브도 아니고 지금이 무슨 쌍팔년도도 아니고",0,2024-09-29T08:22:58Z
UzntzuUWkzo,UgzdMEIDJAIH_8UVaK94AaABAg,@min_k19,그립다 정말…. ㅇㅅㅇ 나가,9,2024-09-17T18:38:14Z
UzntzuUWkzo,Ugypnx0csgoNK3-qElZ4AaABAg,@smallthings_jy,인천야구 그리워서 꺼내봅니다..,8,2024-09-08T10:58:59Z
UzntzuUWkzo,Ugz1J3gLQ3l62VQgOeF4AaABAg,@take7634,이때가 미치도록 그립다.,11,2024-08-10T04:13:47Z
UzntzuUWkzo,UgxNLSK58DhgE4e1AqN4AaABAg,@이희윤-n3y,박정권 같은 선수가 딱 필요하다.,7,2024-08-06T12:59:25Z
UzntzuUWkzo,UgwuPuG1JYJaSiafHol4AaABAg,@솔나무,개ㅅㅇ이 망쳐버린 홈런의 팀,12,2024-07-16T23:44:23Z
UzntzuUWkzo,Ugx3jr-t8r-d4F902sl4AaABAg,@justinjang9151,2024년 7월 n번째 보고 갑니다~,6,2024-07-16T02:48:17Z
UzntzuUWkzo,UgzUo4jZacmNRdf_F114AaABAg,@lllucky0720,우리 강민이 진짜 멋있다 남은 선수생활도 응원할게,5,2024-07-10T15:34:28Z
UzntzuUWkzo,UgweBUPTQ1zfwcHUyv54AaABAg,@김태영-r1e,이런 홈런팀으로 스몰볼 하는 감독은 참 ㅋㅋㅋㅋㅋ 노답이네,8,2024-07-01T18:43:09Z
UzntzuUWkzo,Ugz6rc4nvQwX-YphEmN4AaABAg,@buttzzii,감독님 돌아와요... ㅠ,3,2024-06-24T15:27:07Z
UzntzuUWkzo,UgwxKYppS2Vp92BnxSN4AaABAg,@Ngmaroy,sk>>>>ssg,6,2024-06-18T09:11:58Z
UzntzuUWkzo,Ugxev1O_YTMtOE32Xqd4AaABAg,@qwermnbv12,4:00 아니 정이형 18년도때 35홈런인가 쳤었던거 같은데 부진이라니.... ㅋㅋㅋㅋ,2,2024-06-07T21:49:47Z
UzntzuUWkzo,UgzjZnP_ZOQWMzPktvd4AaABAg,@탄-j6s,팀에 입스가 왔다,3,2024-05-29T12:41:10Z
UzntzuUWkzo,Ugwkvcqif9BR3HyIld94AaABAg,@coreqa,이마트 주가보다 못한 감동의 길이 ... 저 김강민이 왜 한화에 가 있는지 모르겠다.,0,2024-05-04T14:11:23Z
UzntzuUWkzo,UgxyaUXKzcF0XMUJvpx4AaABAg,@wow_kkk,기적,0,2024-05-02T23:11:24Z
UzntzuUWkzo,UgyQ2qhWpqwT76Trwcp4AaABAg,@순찬-q2x,강민이 형….. 그립읍니다,1,2024-04-23T14:13:52Z
UzntzuUWkzo,UgyzXRI-veWvgiGyVlF4AaABAg,@tontonjeong6135,"5년이 지났는데도 여전히 쇀뽕찬다ㅋㅋ
안되는게 어딨어~ 다 이기면되지~",1,2024-04-20T17:41:17Z
UzntzuUWkzo,UgwTrzOnvqVjaETHyKV4AaABAg,@lim4746,어제 최정 동점홈런 한유섬 역전홈런 보고 이거 다시 보러 왔습니다,20,2024-04-17T04:44:08Z
UzntzuUWkzo,UgwdAAdXsKiwOWqr0PZ4AaABAg,@키작은꼬마-f8k,진짜 저때는 박종훈이 역대급이었지..박종훈 선수 폼 빨리 회복합시다..!,5,2024-04-16T13:54:35Z
UzntzuUWkzo,Ugw6WJchsiA-sOWh-A14AaABAg,@happytoday21,40:17 한동민이 치자마자 절망하며 앞으로 꼬꾸라지는 2루수 마약범.,0,2024-04-08T05:00:50Z
UzntzuUWkzo,Ugw4GfW515zzPqJ6LTR4AaABAg,@ltktlkltkltk,ㄱㄴㄱㄴ,0,2024-04-08T00:29:11Z
UzntzuUWkzo,Ugzf8B29q6f_W-U8lGl4AaABAg,@YongSonic,5개월전에 보고 또 다시 왔네..SSG랜더스의 한국시리즈 우승도 좋지만 SK와이번스의 우승은 찬란한 그 시절 그 잡채다😌,1,2024-03-29T16:18:04Z
UzntzuUWkzo,UgxXxXEwaj-JtyBn2yR4AaABAg,@minsufatefly4759,2024년 3월 본 사람 손🖐,0,2024-03-28T15:54:31Z
UzntzuUWkzo,UgysmY_FYhmIWcAtOcx4AaABAg,@whtjdqls,이때가 진짜 낭만이였지,0,2024-03-16T15:19:58Z
UzntzuUWkzo,Ugz0J36wXd6jBynzP9l4AaABAg,@turtle20077,이때가 최고였지,0,2024-03-09T02:31:25Z
UzntzuUWkzo,UgyzKiBWGgIsR1DBBPJ4AaABAg,@KokotdakKoko,솔직히 10연패를 하든 9위를 하든 우승을 못하든... 끝까지 믿고 기다려준게 팬들인게 ssg가 산다고 덥석 물고 팔아버린건 두고두고 아쉽다....,6,2024-01-17T16:55:26Z
UzntzuUWkzo,Ugw4sbjth8tCY9WL3iJ4AaABAg,@relwom3881,"가끔씩 그리울 때 마다 찾아 옵니다. 22우승을 했지만 이때만큼 감정을 느끼지는 못하네요. 정말 힘든 순간이였는데 우리 sk보고 행복해 했습니다. 죽기 직전까지 떠오를꺼 같네요. 우리 랜더스 지금 많이 흔들리는데 그래도 잘 하게 해주세요. 
그래도 sk를 이어 왔는데 잘 버텼으면 좋겠어요. 다들 홧팅 합시다",5,2024-01-04T18:01:21Z
UzntzuUWkzo,UgwLk2rHnW99vSO75eJ4AaABAg,@사람-n2j,"그냥 볼때마다 이때가 사무치게 그립다..
영원한건 없다지만 그냥 이때가 그립다",2,2023-12-30T19:33:32Z
UzntzuUWkzo,UgwmZQT6SD-FJgASjgd4AaABAg,@toemirez,이렇게 좋은 팀이었는데 근본없는 애들이 덥석 인수하고 나락가는구나.......,5,2023-12-16T05:21:40Z
UzntzuUWkzo,UgwYEtvCINjj5dhllbp4AaABAg,@agjszero,"이때 진짜 행복했는데..
그립다 17,18시즌.. 진짜 즐겁게 야구봤는데..",3,2023-12-03T14:57:17Z
UzntzuUWkzo,UgznNIcolK7OfLm3OrB4AaABAg,@jaeyoonlee36,Ssg는 지금 이 위대한 와이번즈 색을 지우려는 말도 안 되는 짓을 저지르는 중입니다.,2,2023-12-02T08:56:09Z
UzntzuUWkzo,UgycbyVJk0BCUaKigiF4AaABAg,@sevenstar-77,SK 인천 역사상 최강의 팀이었지 최태원 회장의 선택이 두고두고 아쉽다,2,2023-11-28T17:14:36Z
UzntzuUWkzo,Ugw0ssNhtO1UG8RUrg14AaABAg,@세나김-n2m,"이때가 제일 행복했던것같아요...:)
이런일이 벌어질지 상상도 못했네요  그래도 기억합니다..",1,2023-11-26T07:09:42Z
UzntzuUWkzo,UgyxGOaWbqrQGwYzwd94AaABAg,@YY-ig9gk,"이제 이 영상도 더는 못 볼거 같다... 
심장이 찢어지는 기분",1,2023-11-25T05:32:19Z
UzntzuUWkzo,UgzSfauYxd2bE7hlntJ4AaABAg,@트둥이나연짱-i2f,불쌍한 강민이형.. 강민이형영상볼려고 또 찾아보네요ㅠㅠ,3,2023-11-23T14:19:24Z
UzntzuUWkzo,UgyMa_L-R7iA8NrCKLh4AaABAg,@6gt111,"11월 22일자로 강민이형님 한화로 트레이드 된 슬픔 못이겨 다시금 추억 느끼러 왔습니다. 강민이형 뿐만 아니라 sk와이번스 전신 참으로 감사하고 고마운 분들입니다!! 리모델링도 너무 좋고 이제는 ssg랜더스이지만 신구조화가 중요한 거 처럼 너무 sk와이번스 색지우기보다는, 절묘한 조화를 부탁드립니다 씈프런트 님들 ㅜ",2,2023-11-22T15:14:50Z
UzntzuUWkzo,Ugx5YnspdwkrVQY3ct14AaABAg,@맨찰스-l1b,이때 이재원 그립다,3,2023-11-14T03:38:59Z
UzntzuUWkzo,UgwTvaajfn2ot5q3S7h4AaABAg,@천배찌,"Sk 이때가 그립다 
지금 은 근본없는  랜더스",24,2023-11-05T08:11:13Z
UzntzuUWkzo,Ugzg16d1t-GunK5iX0B4AaABAg,@kinggg___.77,07년생이지만 야구를 11년도부터 봤는데 참 슬프네요 영상볼때마다 재원이형이 이런선수였지 그리고 세대교체하는거랑 은퇴하는거보면 참 슬퍼요…,5,2023-10-26T19:08:49Z
UzntzuUWkzo,UgwIFC0DKuGqUR9HsYN4AaABAg,@김말이숙주튀김,41:50,3,2023-10-25T12:12:39Z
UzntzuUWkzo,UgyX1JD06oONpDuJKO14AaABAg,@Seulda00,꼭 2023년 올해도 한국시리즈에 가도록 도와주세요,1,2023-10-23T20:36:56Z
UzntzuUWkzo,UgzL6Jkw_-2E51uv2zF4AaABAg,@샤프성애자,이번년도도 우승하게 해주세요 😢,2,2023-10-22T08:22:03Z
UzntzuUWkzo,UgzJpL-OfRVfrbPEwA54AaABAg,@user-hinuv5go,하1주만에 왔네…,0,2023-10-20T22:39:20Z
UzntzuUWkzo,UgzwnmcoXegGFYb9EzN4AaABAg,@YongSonic,하…1년만에 또 왔네😂,2,2023-10-20T16:35:21Z
UzntzuUWkzo,Ugyys90Y9qVy-ATeACt4AaABAg,@2020hoon,이재원이 이런 선수였다는걸...뉴비들이 몰라ㅠㅠ,6,2023-10-18T07:14:20Z
UzntzuUWkzo,Ugwqvt5yEb3nqtipaWl4AaABAg,@연습이필요해-w7k,2023 한국시리즈 가자 🙏,1,2023-10-17T01:24:15Z
UzntzuUWkzo,UgzfG2I0y7XL3-Hs9D54AaABAg,@ddongchimmm,진짜 재원이형 이때 기억 찾자,0,2023-10-08T12:14:23Z
UzntzuUWkzo,Ugwn7Kj0v-DfdwYIqZ54AaABAg,@홍기향-q5z,2022년에 또 우승했는데 작년에도 잘했네요 😊,2,2023-09-17T01:33:05Z
UzntzuUWkzo,Ugyp3szlcHnWyYSpXQl4AaABAg,@tripleh201224,올해도 제발 우승 가자ㅠㅠ 제발 통합 2연패 기도중....,1,2023-08-16T17:45:03Z
UzntzuUWkzo,UgwPLnJXmQHsGt96hwh4AaABAg,@데데와함께하는이사만,그립습니다...힐만선생님...,6,2023-08-06T04:14:31Z
UzntzuUWkzo,Ugzb-aKHcsvH10VBJKx4AaABAg,@hahahahh894,명장 염경엽 감독님이 이끈 2019시즌 다큐는 없나요..? 정규시즌 승률 공동 1위라는 역대급 시즌이었는데 왜 안보이죠? ㅎㅎ,0,2023-07-19T09:17:26Z
UzntzuUWkzo,UgzRVVxBJV-3uwj3Fox4AaABAg,@장현기-b5d,2022년은 KBO 최초 와이어 투 와이어 우승이었다는 점이 뜻깊었지만 2018년은 넥센이랑 플레이오프 혈투 끝에 한국시리즈 진출했는데 상대가 14.5겜차 1위인 두산이여서 어우두 분위기가 강했는데 그 예상을 보라듯이 깬 기적의 업셋우승이라 기억에 남는 그런 한해...,20,2023-06-19T15:17:04Z
UzntzuUWkzo,UgydhVWFAXFZlVSSvsB4AaABAg,@user-vs7ov2om7g,18태훈이 대체어디갔어,2,2023-06-05T16:50:20Z
UzntzuUWkzo,UgxBtxqQspycmgqk_8J4AaABAg,@예삐예삐-n3k,2018 고2때 느꼈던 슼뽕 진짜 아직도 이거 보면 웅장해진다,3,2023-05-19T16:26:04Z
UzntzuUWkzo,UgwKyD23CyW-U0lJSkV4AaABAg,@kdkmn3,정말 이 영상은 레전드에요…😮😮,2,2023-05-17T00:02:04Z
UzntzuUWkzo,UgzXHxbEDtctEULxwpp4AaABAg,@박현종-q9p,김강민 오늘도 또쳤어요,1,2023-05-10T15:10:41Z
UzntzuUWkzo,UgxlXhFQssdZKIWEVBt4AaABAg,@아민-d9e,"33:44 오랜만에 보러왔다가 터짐ㅋㅋ악마시절,,,,",3,2023-05-07T10:46:40Z
UzntzuUWkzo,UgzrH-WjCPwRTQ2F3iN4AaABAg,@Reina3214,아니 김강민은 은퇴하면 안돼..난 아직도 22년도가 넘....좋아 김강민 은퇴식 제대로 ㅎㅎ 한동민(한유섬)도 플레이오프 끝내기 찐이양....!!!,2,2023-04-21T11:48:35Z
UzntzuUWkzo,UgymVN0lSuXHWOD1uX14AaABAg,@tofujohnmat-ex4ff,너무 좋다 우리팀 ❤,1,2023-04-12T13:34:29Z
UzntzuUWkzo,UgxD7aSC4u18Nlhttnd4AaABAg,@GiYeong601,저는 SK의 마지막 🏆 한 해가 훨씬 마음에 든 순간 이였습니다.,1,2023-03-13T09:02:17Z
UzntzuUWkzo,UgwKdGOwKiEd0emT-xh4AaABAg,@DARKNESS07618,"저때 김광현은 진짜 공이 개빨랐네ㅋㅋㅋㅋ
무슨 다른투수들 140대 직구던질때 154키로 직구 박아버리고 142짜리 슬라이더를 던져버리네ㅋㅋ",6,2023-02-08T14:48:42Z
UzntzuUWkzo,UgxQHdJy4LbVLhKt9mx4AaABAg,@KihyangHong,우와 진짜 소름돋으는 ㅠㅠㅠ SK 우승이 였네 ㅠㅠㅠㅠㅠ,0,2023-01-30T05:47:20Z
UzntzuUWkzo,UgzWTz1wvvlm8uQmBu14AaABAg,@hanassii,"V4 최정 “야 니가 칠것 같아” 동민이가 칠것같은느낌이 왔어요. 
V5 최정 “전 봤습니다. 강민이 형의 홈런을, 전 미래를 봤습니다.”",17,2022-12-30T08:41:39Z
UzntzuUWkzo,Ugwsbzpx6gchBDJnsrZ4AaABAg,@JH-ik1dt,"이번에 나온 다큐보다 이 2018 다큐가 모든 면에서 훨씬 나은것 같다. 너무 기대를 많이 한 탓인지, 너무 실망스러웠던 2022 우승다큐...",10,2022-12-27T14:48:18Z
UzntzuUWkzo,UgxJOVBSQdhY_1Nr9jZ4AaABAg,@092-n2i,2022 우승다큐 보고 다시 보러 왔습니다. 완벽한 2022와 드라마 그 자체인 2018 낭만 그자체다,10,2022-12-25T16:40:39Z
UzntzuUWkzo,UgzCtpHp4TYKBObIJ_B4AaABAg,@첼토리,2:45,0,2022-12-24T14:36:45Z
UzntzuUWkzo,Ugxs68MbA4ilD6eRmcZ4AaABAg,@여느-q3v,V5다큐도 나오는거져?,4,2022-12-18T03:07:01Z
UzntzuUWkzo,UgwJ3O2LN5lL0HKkPuF4AaABAg,@KihyangHong,🇺🇸 🇺🇸 🇺🇸 🇨🇦 🇨🇦 🇺🇸 🇺🇸 🇺🇸 🇨🇦,1,2022-12-12T23:57:20Z
UzntzuUWkzo,UgzTt4ral7RbeVZqKP94AaABAg,@land11111,오늘 챔피언팬페스티벌 하는 날... 가기 전에 준비하면서 또보는중... 또봐도 좋다🫶,4,2022-12-11T02:37:37Z
UzntzuUWkzo,UgzpMkok4N2vmin-oeF4AaABAg,@Dayb_Dayd,15:44 님 4년 더 뛰시는데요,7,2022-12-04T15:57:53Z
UzntzuUWkzo,UgyKTDsG_yuflaXBXUB4AaABAg,@스노우보더-y1w,다시봐도눈물나네 ㅠ,2,2022-11-24T11:06:07Z
UzntzuUWkzo,Ugxp5NEu9gFvQ75jw6F4AaABAg,@최민숙-b7q,이번에 V5한것도 이렇게 영상 만들어주시나요?? ㅠㅠㅠㅠ젭알,5,2022-11-23T20:17:10Z
UzntzuUWkzo,UgzOkyMul7s67K3ovjV4AaABAg,@야뚱-p6p,"클리셰 범벅 스포츠 드라마가 따로 없네요ㅎㅎㅎㅎㅎ
정말 말도 안되는 기적같은 경기 내용들,,,믿을수 없는 홈런을 만들어내는 선수들,,,그리고 마침내 우승!
18년 플옵,22년 코시 ,경기내용도 비슷하고,상대팀도 같고,,,고기굽다 와서  큰 역할 해주신 우승토템 이벤트경기 상금부자 박정권과 그때도 지금도 승부사 김강민의 활약,,,팀의 기둥 최정,김광현,,,,,그리고 각자의 
역할로 우승을 완성시켜준 여러 선수들.
22년 우승다큐도 너무 기대가 됩니다!!!!!!
보고또봐도 울컥하고,행복하네요!!!!!!",5,2022-11-22T22:45:10Z
UzntzuUWkzo,Ugx4NQz-10TklkcNGWB4AaABAg,@ssg98145,다큐 나올때까지 볼거엥여….😢,6,2022-11-22T14:51:56Z
UzntzuUWkzo,UgzJj3Pwf29Z2QrjbjB4AaABAg,@ssgv5865,봐도 봐도 감동입니다. 또 한편의 드라마 영상이 기다려지네요. ^^,4,2022-11-18T11:30:44Z
UzntzuUWkzo,UgwjsuUMXL20V5qMbJJ4AaABAg,@travelerhtk,V5 스토리도 만들어주세요~~~~~👆🏻👆🏻👆🏻👆🏻👆🏻👆🏻👆🏻,2,2022-11-17T09:10:45Z
UzntzuUWkzo,Ugztxqw7EvNVoAmhsk54AaABAg,@Rubber______duck,우승 다큐 나오기 전에 오랜만에 또 보러 왔음.,4,2022-11-16T21:31:08Z
UzntzuUWkzo,Ugxl4RoNTyV-c32Y0Zl4AaABAg,@landylanders,V5 다큐 나오기 전에 깨알복습하고 갑니다 🥳😘 앜설렌닼,17,2022-11-14T14:27:54Z
UzntzuUWkzo,UgzWT8K_PYgUWG19dtV4AaABAg,@flex-f8k,2:40 순간 임창정이 왜 넥센 유니폼을 입고있지? 라고생각했.....,0,2022-11-14T02:34:24Z
UzntzuUWkzo,Ugw3vZfKOFsyLxwhyjl4AaABAg,@hanassii,백만뷰 달성했네요!!!! V5 다큐를 기다리며 복습하러 다녀갑니다🎉🎉🎉🎉🎉,11,2022-11-13T11:26:32Z
UzntzuUWkzo,UgwiCj_XEShqfgrnXrp4AaABAg,@주효재-jhj,이때만해도 정말 풋풋하네요,3,2022-11-13T09:44:37Z
UzntzuUWkzo,UgyFAdYr6Qu6F0imEkF4AaABAg,@아메리카노-n5u,이제 22시즌 버전 가을의기적 기다립니다 ❤❤❤❤❤❤❤❤❤❤ 영원히 사랑해 내 팀 랜더스😂,3,2022-11-13T04:22:19Z
UzntzuUWkzo,UgzXyY00wwX3Q-y76p94AaABAg,@얼른마스크-u7o,김강민 굉장하다,2,2022-11-13T03:20:07Z
UzntzuUWkzo,Ugy8ocDpVPF-T8GSZoJ4AaABAg,@ktmm93,100만회ㅋㅋㅋㅋㄱㅋ,3,2022-11-12T19:04:00Z
UzntzuUWkzo,UgxId0nCeJ99-4-w-lR4AaABAg,@KiMrAsL,100만회 ㄷㄷ,5,2022-11-12T15:55:54Z
UzntzuUWkzo,Ugxg5q-15xi38hoKkNZ4AaABAg,@say-you,15:45 농담도 심하네 저 형,19,2022-11-12T15:47:13Z
UzntzuUWkzo,UgzsLEXxtUmC058GOZZ4AaABAg,@sw22t-salt,김태훈 ㅜㅜ 23년에는 가을 야구 같이 하자 ㅜㅜ 이때 진짜 잘해 줬었는데 ㅜㅜ,4,2022-11-12T12:02:03Z
UzntzuUWkzo,UgxDH4eMmFki8V8pJgx4AaABAg,@뿌뿌-o8o,사랑합니다 슼 쓱❤❤❤❤❤,2,2022-11-12T11:44:24Z
UzntzuUWkzo,UgxyGisBmMrp9MYrx3h4AaABAg,@KihyangHong,🇺🇸 🇺🇸 🇺🇸 🇺🇸 🇺🇸 🇺🇸 🇺🇸 🇺🇸 🇺🇸,1,2022-11-12T03:02:39Z
UzntzuUWkzo,UgwBRtPDVfctz0sJZz54AaABAg,@User-bonjour2000,"절망속에서도 끝까지 포기할줄 모르는 
그 마음 알려주셔셔 늘 감사합니다...

사랑합니다..",7,2022-11-12T01:28:52Z
UzntzuUWkzo,Ugxo3nnMoB4xho2ejrF4AaABAg,@erichwang99,우승하고 다시 보러 왔습니다!!!,7,2022-11-11T20:17:54Z
UzntzuUWkzo,UgxdfpTUsbRZlY1OH3V4AaABAg,@전용대-s1s,난18 플옵 5차전만한 홈런은 앞으로 없을거라 생각했다. 22 코시5차전 홈런이 나오기전까지...,18,2022-11-11T15:07:46Z
UzntzuUWkzo,UgzBLkWRqAtgOHo-eoR4AaABAg,@mink8221,이번시즌 우승 다큐 기다리지면 개추ㅋㅋ,21,2022-11-11T14:06:45Z
UzntzuUWkzo,UgyHAwTWi7X2EGA6qYh4AaABAg,@강우석-v6u,드디어 100만 조회수 ❤,2,2022-11-11T02:38:53Z
UzntzuUWkzo,UgxD57O52LB-Zdu-K0x4AaABAg,@ssol_yi,이때 보다 더 멋진 우승을 이뤄낸 우리 랜더스❤️❤️ 우승다큐 또 나온다니 좋습니다❤️❤️❤️❤️,1,2022-11-11T01:13:37Z
UzntzuUWkzo,Ugyr4CHu9oJ_7SvqdCl4AaABAg,@한상철-m6y,SK시절의 영상을 SSG에서도 그대로 살아있네요. ㅎㅎ,3,2022-11-10T17:01:54Z
UzntzuUWkzo,UgzKMqONgkXS51mMo5F4AaABAg,@MonsieurKimminJae,"이제는 '와이어 투 와이어' V5를 이뤄냈으니
그거 다큐로 만들어 줬으면 하네요!",2,2022-11-10T15:07:15Z
UzntzuUWkzo,UgyORGL1hPjJpTOPixx4AaABAg,@parkbang52,2022우승보고 온사람 많겠지?,8,2022-11-10T14:50:57Z
UzntzuUWkzo,UgwFwZ_N_-2FaOTf_pF4AaABAg,@아몰라주니,이번 우승하고 다시보는데 너무 좋다 후후 로맥 켈리 산체스 힐만감독 생각도나고 ㅋ,2,2022-11-10T12:53:42Z
UzntzuUWkzo,UgxBeWMQxVzOy-XD9E14AaABAg,@hai6171,또 다시 다큐 기다릴 수 있어서 너무 좋아요 ♥,4,2022-11-10T11:44:31Z
UzntzuUWkzo,Ugzr3C34E7hT-P6JIfx4AaABAg,@kksms2989,빨리 v5 영상도 내놓으십쇼! ㅋㅋ,2,2022-11-10T11:39:39Z
UzntzuUWkzo,Ugw-48X699v0Z_IcRWB4AaABAg,@rubereui0613,우와 100만뷰!,0,2022-11-10T11:33:12Z
UzntzuUWkzo,UgwrRwpv1NZxInMsQYV4AaABAg,@hyeon10101226,"V5 이루고 또 보러왔다 
이제 V6를 향해 새로운 비행 가보자고 🛸🛸🛸🛸🛸🛸",4,2022-11-10T11:26:08Z
UzntzuUWkzo,UgzbEbyWtpRSIE9GN0l4AaABAg,@inside_park,100만뷰다!!,0,2022-11-10T10:57:08Z
UzntzuUWkzo,UgzX8-oigA7HN73U-394AaABAg,@으쓱이-t1p,우승기념으로 보러왔어여 ❤,1,2022-11-10T10:30:54Z
UzntzuUWkzo,UgzYKzIt9aI1uvBsFzx4AaABAg,@milgaru6090,22년 5차전 보면서 18년 가을야구 울면서 보던게 생각나서 찾아왔습니다ㅜㅜ 슼도 쓱도 사랑해요,3,2022-11-10T10:06:04Z
UzntzuUWkzo,UgyDq0x9W7HigpLfNJ94AaABAg,@윤루-i7f,22시즌 우승하고 이거 보니 쓱뽕 차사량으로 행복사,1,2022-11-10T09:51:55Z
UzntzuUWkzo,Ugxa-Wsd_DtcVEXkeFV4AaABAg,@ninuni2178,4년뒤 우리는 V5를 달성했다❤️,5,2022-11-10T09:32:07Z
UzntzuUWkzo,Ugw5z090Z6yoyz8461F4AaABAg,@leejoonhwan411,이거 올해꺼도 만들어주실꺼죠????,7,2022-11-10T05:34:59Z
UzntzuUWkzo,UgzHPmLNbjVgpHt7bJB4AaABAg,@day8796,진짜 이게 말이 되냐? 하... 이 팀은 자꾸 야구를 영화로 만들어...,18,2022-11-10T04:42:40Z
UzntzuUWkzo,UgzmPgVNFf9GMwGP0Nl4AaABAg,@ryan.eagles,이태양 때문에 랜더스로 갈아타서 한국시리즈에서 우승까지 이태양은 한화에서 못 다 이룬 우승 반지를 받게 되었네요,6,2022-11-09T23:19:35Z
UzntzuUWkzo,Ugx-uVz3vm9LTxLoxQt4AaABAg,@홓코코코키,2022통합우승  쓱뽕차서 또 보러옴,8,2022-11-09T20:57:31Z
UzntzuUWkzo,Ugyuok1wqPAziK7gyGR4AaABAg,@bille667,100만뷰 가자,6,2022-11-09T19:39:32Z
UzntzuUWkzo,Ugy65RDXMEqcPLxuWMx4AaABAg,@zl4731,"한국시리즈 우승하고 또 보러왔습니다.
내년 4월까지 돌려보고 또 돌려봐야지,,✨️❤️",24,2022-11-09T15:32:23Z
UzntzuUWkzo,UgxzVU5jkUkpa7R7q9F4AaABAg,@hsvfenix9970,올해 V5 보고 다시 온 사람 손 ㅋㅋㅋㅋㅋ,12,2022-11-09T14:55:23Z
UzntzuUWkzo,Ugzrt0eaM8Ft9q49qQt4AaABAg,@pollonplus864,2022우승후 다시찾아온 쓱붕이 개추,27,2022-11-09T14:13:06Z
UzntzuUWkzo,UgzECvii-2ricAwDkTx4AaABAg,@bluec4nd2,"역사의 한 페이지를 장식한 우리의 가을드라마
SSG V5, THE FIRST WIRE-TO-WIRE CHAMPIONS",15,2022-11-09T12:56:51Z
UzntzuUWkzo,Ugw8ifPvETvVNS5-PMd4AaABAg,@tajiritv8,우승기념 성지순례옴,6,2022-11-09T11:50:25Z
UzntzuUWkzo,Ugwz6SKdpKWoe0VICbx4AaABAg,@세상사는건힘등어,이거 또 만들어 주실꺼죠???,7,2022-11-09T11:18:10Z
UzntzuUWkzo,Ugy7hLmqIrWwG4e0gW94AaABAg,@이상우-o5u,2022년 우승기념 들렸다가요,5,2022-11-09T10:32:10Z
UzntzuUWkzo,Ugxl3Du9j853x_cT__J4AaABAg,@밸로그,"한국시리즈 우승보고 다시 한번 보러왔습니다. 타팀팬인데 SK의 우승은 항상 드라마같네요. 4년전 그리고 올해 멋진 승부보여준 넥센, 키움도 명품 조연!",20,2022-11-09T09:29:47Z
UzntzuUWkzo,UgxdGQiKM88OIIwEZ1x4AaABAg,@Starfall369,"올해 우승이 멀어지는거 같고 안풀릴때마다 이 영상을 봤었습니다. 그리고 드디어 이뤄낸 V5! 한 장면 한 장면, 또 이런 감동으로 만들어서 올리실 그날까지 숨참겠습니다!!!",33,2022-11-09T09:26:54Z
UzntzuUWkzo,UgweF7M3NTxsJ52SLrB4AaABAg,@MADdog-g4p,16년차 원클럽빠순이 어제 우승 직관하고... 믿을 수 없는 기쁜 마음에 다시 18년도 출석도장 찍으러 왔습니다 이번 22년 한국시리즈도 매 경기가 아슬아슬했고 반전의 반전을 거듭했네요 특히나 5차전에서 최정의 추격 투런포-짐승강민의 끝내기 역전쓰리런포는... 말할 것도 없이 짜릿했어요. 직관의 여운이 아직도 가시질 않습니다 이 기쁨과 행복함을 가득 안고 겨울을 보내요 그리고 23시즌도 파이팅!!,2,2022-11-09T08:12:58Z
UzntzuUWkzo,UgxHJjDu1QMHJUyCVWR4AaABAg,@유진-c6k,올해 우승다큐만 기다리면서 적적한 시간 버티겠습니다... 우승다큐 나오면 스토브리그동안 천번만번 돌려보겠습니다...,5,2022-11-09T08:11:18Z
UzntzuUWkzo,UgxVw7eu2GJNEGcBBZR4AaABAg,@김덕배-y7h,[SSG V5] wire to wire 투혼의 랜더스,5,2022-11-09T07:53:20Z
UzntzuUWkzo,Ugwzu4oN9ihJzxoMEU54AaABAg,@유밝음-t8k,우승하고 쓱뽕차서 한번 더 보러 왔어요~~ 모두 수고하셨습니다!! 22년 버전도 기대합니다~~,28,2022-11-09T06:27:52Z
UzntzuUWkzo,Ugw5aPgdNgjVxTw8BkB4AaABAg,@중또-o2i,22년 버전 기대합니다!!,3,2022-11-09T04:15:34Z
UzntzuUWkzo,UgwuMsufCBYJgz_mCux4AaABAg,@NDGSL-t1j,100만까지 얼마 안남았다!,6,2022-11-08T23:32:33Z
UzntzuUWkzo,UgyrSvcO7F35gr8jP9p4AaABAg,@siegfried--9321,김강민은 이때부터 큰경기 클러치히터였구만ㅋ,4,2022-11-08T18:45:21Z
UzntzuUWkzo,UgzWocttVSLiGfy4iK94AaABAg,@보테장미,15:43 마지막이 아닌 2022년11월08일 한국시리즈 최고령MVP 주인공  자랑스럽다!,9,2022-11-08T18:38:49Z
UzntzuUWkzo,UgzOzeaGhPGdzqJD-J94AaABAg,@Thicci_Punch,2022버전 기대하면 개추 ㅋㅋ,18,2022-11-08T18:24:42Z
UzntzuUWkzo,Ugw1RjWluBYwbIym8hZ4AaABAg,@촤잔,오늘 SSG우승하고 또 보러왔다,2,2022-11-08T18:11:41Z
UzntzuUWkzo,Ugz9Pn5Vv8BDr3PdiWp4AaABAg,@세나김-n2m,2022우승하고 또보러와찌효~♡♡♡,4,2022-11-08T16:32:31Z
UzntzuUWkzo,UgxdaQDCR4pfa8QzMWp4AaABAg,@바늴라마카롱,22 코리안시즌 우승 올해도 오래오래볼수있는 영상 부탁해요 쓱튜브,4,2022-11-08T16:01:10Z
UzntzuUWkzo,UgxvCHL0a1lNdg5RiRt4AaABAg,@applepie7920,쓱 우승 기념으로 뽕 채우러 왔습니다,7,2022-11-08T14:30:29Z
UzntzuUWkzo,Ugw20KcywfQqbdUKfpV4AaABAg,@brawlstarzsz,“[SSG V5] 우리가 다시만든 기적”,71,2022-11-08T14:16:04Z
UzntzuUWkzo,UgxjKs5pPdyx2uypWVR4AaABAg,@jinjin9426,통합우승하고 여운이안가셔서 다시옴.. 오늘 우승영상 얼릉 올려주세요,5,2022-11-08T13:52:34Z
UzntzuUWkzo,UgzPm1ycCYzOZFSwyd94AaABAg,@신도림에서갈아타고서,오늘 우승하고 다시 보러 온 사람?!,9,2022-11-08T13:48:26Z
UzntzuUWkzo,Ugxesi-Gi1yQUXXdsr94AaABAg,@SanchezChang,알고리즘은 날 안내했을 뿐이고..,2,2022-11-08T13:39:08Z
UzntzuUWkzo,UgzcYUB9-GVqbEm2G9N4AaABAg,@yyyyyyy4633,"ssg랜더스 v5 기념으로 다시 보러 왔습니다 우승 나이스ㅜㅜㅜㅜㅜㅜㅜㅜㅜ❤
v5 기념으로 이거 한번 더 만들어주세요ㅜㅜㅜ",10,2022-11-08T13:27:38Z
UzntzuUWkzo,UgygaH2VyAVxys8V2th4AaABAg,@도톨이-r6f,성지순례왔습니다 한국시리즈 우승!!!!!!!,4,2022-11-08T13:10:37Z
UzntzuUWkzo,Ugy4cQQDnJ5zfydTVyF4AaABAg,@최종혁-h6i,다시금 성지순례 하러왔습니다!!!!!!! Ssg 화이팅 우승!!!!!!!!!!!!!!!!!,6,2022-11-08T12:34:05Z
UzntzuUWkzo,Ugw3zQJVR661dVO21pZ4AaABAg,@비닐신-e6e,2022년 11월 8일 다시 우.승,4,2022-11-08T12:19:20Z
UzntzuUWkzo,UgyqYSU_1vKLn5asjTN4AaABAg,@kwandopark5685,오늘 키움과의 코시6차전 제발 마지막 경기가 될수있게 우승기운받으러 들어왔습니다!!!,1,2022-11-08T08:40:57Z
UzntzuUWkzo,UgxbUstuSh8Bt1qdDbV4AaABAg,@안녕그대로걸어가-v4g,경기 1시간 반 전. 경건한 마음으로 복습하면서 쓱뽕 충전합니다ㅋㅋㅋㅋ,1,2022-11-08T08:06:13Z
UzntzuUWkzo,Ugzbz7Uf_9fpgdFDGxJ4AaABAg,@Sksskdi60000,22년 코시 5차천 강민옹 끝내기 스리런 보고 다시 왔다 ㅅㅂ,2,2022-11-08T06:07:10Z
UzntzuUWkzo,Ugyek7KBNw91pj0SNsl4AaABAg,@To01429,2022년 1승 남겨두고 보러옴,1,2022-11-08T05:15:11Z
UzntzuUWkzo,UgwkmbJnELn83iZT21F4AaABAg,@윤또잉-l5i,오늘 우승 확정가자!,0,2022-11-08T02:25:57Z
UzntzuUWkzo,UgydAfLPUvnfYf0MYgh4AaABAg,@Velzebub,42:07 포수자리 앉아서 130보다가 타석에서 150보면 못치지 ㅋㅋㅋㅋㅋ,0,2022-11-07T22:38:44Z
UzntzuUWkzo,UgzcNtL_L2_pybnCoPp4AaABAg,@kappak8633,제발.. 이런 다큐 하나 더...,2,2022-11-07T18:58:13Z
UzntzuUWkzo,Ugzq6UpXOVEsr2mRQFh4AaABAg,@Starfall369,김강민이 또 해냅니다.. 늘 그랬듯이,5,2022-11-07T14:42:36Z
UzntzuUWkzo,Ugye4I-hn2pteVyRXst4AaABAg,@사랑의불댓글,오늘 김강민 이 또 해냈습니다.,333,2022-11-07T13:36:07Z
UzntzuUWkzo,UgzJJZ4j0dPB4IOWMVJ4AaABAg,@제발가자-l2b,이젠 우승까지 한걸음!,2,2022-11-07T13:26:08Z
UzntzuUWkzo,Ugz-EbDAXzRCfIsYUDZ4AaABAg,@그네-hjsnnbsxdnnanql,방금 김강민 홈런보고 다시 왔습니다.진짜 이제 우승 V5가 눈앞에 있습니다 우리 선수들 다 같이 화이팅🎉🎉🎉🎉,249,2022-11-07T13:14:12Z
UzntzuUWkzo,UgwZkxQIWsR006s45cR4AaABAg,@차기환-f5u,가을의 기적 다시 일어나길...! 랜더스 빠이팅!!,8,2022-11-07T10:45:20Z
UzntzuUWkzo,UgxSq4pV5RqOGKf2VGN4AaABAg,@yyq2597,제발🙏🙏🙏🙏🙏🙏🙏🙏🙏,1,2022-11-07T05:44:15Z
UzntzuUWkzo,UgxNMfBvTBN7bUJKjRR4AaABAg,@hazataesa4490,2022 통합우승하게 해주세요 🙏,2,2022-11-06T13:54:41Z
UzntzuUWkzo,UgzMplNzsuiK3IQ7E4x4AaABAg,@겨울조타,2022 한국시리즈 우승 가자ㅜㅜ랜더스 파이팅!!!,2,2022-11-05T17:36:22Z
UzntzuUWkzo,UgzwaTVy705ILDdbGp94AaABAg,@RaWaIuSk,쓱뽕 충천하러 왔고 올해는 와투와가 가치있게 코시 우승하기를,1,2022-11-05T14:01:41Z
UzntzuUWkzo,UgzzPex8ESlVWD8ES1N4AaABAg,@Serena-su5iv,우승의 순간까지 응원합니다⚾️👍,1,2022-11-05T13:36:03Z
UzntzuUWkzo,UgynEdCP5EBZTbcEGbR4AaABAg,@wjcosnzjqon,복습완료,2,2022-11-05T04:15:37Z
UzntzuUWkzo,UgySJOd9hjYoioIhdWp4AaABAg,@뀨-e9y,"매일매일 복습하는 영상...
4년이 지난 지금도 잊을 수 없는 기적 같은 우승이었습니다
그 우승을 다시 재현할 수 있길
SSG 랜더스 화이팅 가을의 가장 높은 곳으로",25,2022-11-03T11:00:28Z
UzntzuUWkzo,Ugwwn7E6EePJp3CQ8oV4AaABAg,@tv-tw8dw,"2022년
한국시리즈 키움 대 SSG
현재 1승 1패
제발 올해도 한국시리즈 우승하자!
선발투수,불펜투수 그리고 타자들 
모두 힘내주세요!",4,2022-11-02T16:26:01Z
UzntzuUWkzo,UgyzY9YtTOqj6T1tso54AaABAg,@시험빨리끝나게해줘요,2018년도처럼 이번년도도 우승 합시다!,2,2022-11-02T15:05:19Z
UzntzuUWkzo,Ugx8MRF_dST42MLcZvN4AaABAg,@NIBETS,이게 다시 오는순간이 오는건가,0,2022-11-02T14:27:29Z
UzntzuUWkzo,Ugx9WA6t_vxmHvx50IB4AaABAg,@순신님,으앙,0,2022-11-01T15:32:00Z
UzntzuUWkzo,UgyANHZzcdxZWieZaal4AaABAg,@tv-df3to,한국시리즈 1차전 져가지고 보러왔습니다,1,2022-11-01T13:54:37Z
UzntzuUWkzo,Ugw-bnB4drgdE5LWZnt4AaABAg,@이주연날리기,"22년도 한국시리즈 첫 경기까지 약 1시간 남았습니다
우리 구단 선수들이 보여준 세상에 없던 야구의 마지막을 멋지게 장식하시길 응원하겠습니다
오늘 경기도 화이팅!",1,2022-11-01T08:31:09Z
UzntzuUWkzo,UgwR4is6-mjMU6Vd2pt4AaABAg,@가보자고-u3y,파이팅,1,2022-11-01T06:57:23Z
UzntzuUWkzo,Ugx2_VniN-pBTbE6L514AaABAg,@jjong0928,오늘 한국시리즈 1차전 직관전에 슼뽕 채우려고 정주행 합니다. Ssg 화이팅,1,2022-10-31T18:43:11Z
UzntzuUWkzo,Ugzn-QxuHqcuETdrX9x4AaABAg,@봄이좋아-b4m,"내일 2022년 코시 1차전을 앞두고,
알고리즘이 나를 여기로 이끌었다!",0,2022-10-31T13:04:15Z
UzntzuUWkzo,Ugy6JViSNrpfUulO0dJ4AaABAg,@준서윤-n1b,이번 시즌도 가자이아아아앙,0,2022-10-31T09:56:57Z
UzntzuUWkzo,UgyE2_oVNAV8BnbKMWd4AaABAg,@냥냥-y4s,내일이다 V5 가자,0,2022-10-31T07:19:23Z
UzntzuUWkzo,UgwVqmLYOLC9Wc54qPF4AaABAg,@김-b4b6b,No Limits Amazing Landers,1,2022-10-30T11:22:17Z
UzntzuUWkzo,UgygBGO5MdGt0-Lt-0x4AaABAg,@SSG_Landers_V6,한동민 잘생겼다 지금은 맘고생이 심했어서 그런지 많이 늙어 몰랐는데,1,2022-10-29T17:35:13Z
UzntzuUWkzo,UgxvLDpZGqlW7DFw7gp4AaABAg,@qewrty8469,키움이랑 한국시리즈 확정되니 18년 sk 넥센 시리즈 생각나서 찾아왔네요 둘다 이름은 달라졌지만 이 시리즈보다 더 멋진 승부 기대합니다 쓱 우승가자!!!,4,2022-10-28T23:37:46Z
UzntzuUWkzo,UgywwYh1zuc2GESiz8t4AaABAg,@세나김-n2m,이제 정말 얼마안남았네요~ 4년전 그때의 그 감동을 다시 재연할수있기를♡ 꼭 다섯손가락 모두 반지낀 타노스 짐승님 보고싶어요~♡,1,2022-10-28T10:36:31Z
UzntzuUWkzo,UgxyiHqM91HXmAWcoLd4AaABAg,@junghopark6335,"쓱뽕 충전하고 갑니다....
37:12 와 말문이 막히는 정이 홈런",5,2022-10-28T03:16:00Z
UzntzuUWkzo,Ugx6zU9_8SSAVSdUckV4AaABAg,@니나김-o9k,아 ㅠㅠ  일주일후  다시!!! 이  감동을 함께😁👍👍👍👍👍👍,2,2022-10-27T23:19:52Z
UzntzuUWkzo,Ugw-Q7YZoKX30kxnIkl4AaABAg,@순신님,Ssg아저씨들 우승못하면 저울겁니다,2,2022-10-27T13:46:08Z
UzntzuUWkzo,UgweU5-IlW67JZZq4Fx4AaABAg,@홍기향-q5z,2022년에도 SSG가 잘해서 우승 했으면 좋겠다,5,2022-10-20T13:24:47Z
UzntzuUWkzo,UgzYhv_g2zOxZsb7a4F4AaABAg,@왕창,올해도 우승갑시다~~,3,2022-10-20T10:05:50Z
UzntzuUWkzo,Ugzy1hMywPEI-Je2XRF4AaABAg,@NDGSL-t1j,2022년 우승하고 이처럼 다큐 한번 더 찍자 너무 보고 싶다,3,2022-10-20T03:09:41Z
UzntzuUWkzo,UgzZOaJT_h7DwBjFT4F4AaABAg,@inside_park,한국시리즈 전까지 100만뷰 가면 좋겠다 ㅎ,3,2022-10-19T13:47:22Z
UzntzuUWkzo,UgyLz2DY_TYRNA4WCEd4AaABAg,@윤다순-f6b,다시봐도 울컥울컥하네요ㅠㅠ 조만간 또 볼 장면들❤,0,2022-10-18T03:56:51Z
UzntzuUWkzo,UgxP7O6vQfluJtcl4Tl4AaABAg,@아라한-x4w,ssg 18년도 sk의 우승 기운을받아 올해 꼭 우승하자!!!!🔥🔥👆,4,2022-10-16T23:15:06Z
UzntzuUWkzo,UgzmBNYWD8xpTK7cE-p4AaABAg,@koyaki16,이 영상 김광현선수 민재랑 존똑 ㅋㅋㅋㅋ,4,2022-10-16T02:15:16Z
UzntzuUWkzo,UgwR1Mjl9KrmMrU2SNt4AaABAg,@yoonjung4241,"한국시리즈에 앞서 또 봅니다. 진짜 그때도 어려웠던 여건에도 불구하고 업셋챔피언십을 일궜는데 이번에도 우승을 믿겠습니다

랜더스 화이팅 🔥🔥",9,2022-10-13T01:25:05Z
UzntzuUWkzo,UgyDZlGAtbAg5MybqEh4AaABAg,@뚜뚜-k8r,재탕하러왔습니다 제발 ㅠㅠ 정상을향해나가자 우리의 랜더스여 ~,18,2022-10-12T23:50:51Z
UzntzuUWkzo,UgxmyYHBI5LyOaPRZP14AaABAg,@문종혁-l8u,"올해는 또 어떤 드라마가 쓰여질지 너무도 기대됩니다.. 
2018 영원히 기억하는 해였고 2022년 역시 영원히 기억될 명경기 남겨주셨으면 좋겠습니다. 사랑합니다 SSG 그리고 이젠 추억속의 SK",16,2022-10-11T15:17:58Z
UzntzuUWkzo,UgwsoB2CovThBUpiRCZ4AaABAg,@훈최-m5i,쓱팬입니다. 그때 그 벅찬 감동을 다시 한번 느끼고 싶네요~,22,2022-10-10T04:16:07Z
UzntzuUWkzo,Ugw_81K0DGVK2fndNNF4AaABAg,@Daylife-wl5dd,정규시즌 우승하고 찾아왔습니다 정말로 2018년 그때의 기억은 잊어버릴 수가 없습니다😂😂😂 4년만에 한국시리즈 우승했으면 좋겠네요🙏🙏🙏,17,2022-10-08T06:11:02Z
UzntzuUWkzo,UgxxOO3p05rUcZvttwZ4AaABAg,@정우혁-z7m,제발 이번 가을야구도 18년도의 기적처럼 이기길,9,2022-10-08T00:53:35Z
UzntzuUWkzo,UgxdEKJOS9Ffb4ipw4B4AaABAg,@김성희-e8e7e,와이어투와이어하고 다시 복습하는 2018년 우승다큐...🥺,16,2022-10-07T09:53:17Z
UzntzuUWkzo,UgzpfGNHD_K2PQDycV94AaABAg,@전인서-u8j,"우승확정 짓고 재탕왔는데 다시봐도 기적이다.
이때 떠올리면서 22년도 우승 파이팅!!!!",110,2022-10-06T23:26:29Z
UzntzuUWkzo,Ugxgybr2ouReJW5eBzR4AaABAg,@ddungddang9,와이어 투 와이어 우승 하고.. 올해도 이 기분 느껴보고 싶어서 보러 왔습니다...,10,2022-10-06T23:09:26Z
UzntzuUWkzo,UgxXn_xOPfl3sy7b1e94AaABAg,@안녕그대로걸어가-v4g,"2018년 미친 것 같은 우승
2019년 역대급 추락으로 우승실패
2020년 창단 첫 9등 추락
2021년 모기업이 바뀌고 첫 시즌 갑자기 선발이 다 사라진 상황에서 정규시즌 마지막날까지 가을야구 경쟁
2022년 한국프로야구 사상 첫 와이어 투 와이어 우승.

이제 2022 프로야구 통합우승으로 2022년엔 한국 프로야구 그 어떤 팀도 우리 팀 앞에 있어본 적이 없었다는 위대한 업적을 꼭 이뤄냈으면 좋겠습니다!!",11,2022-10-06T17:21:54Z
UzntzuUWkzo,UgwjTwJuawu-vQxyKt94AaABAg,@김대건대건-l1r,Ssg수고하셨습니다,5,2022-10-05T10:23:35Z
UzntzuUWkzo,UgzAPyeIq7gX0M4JOP14AaABAg,@윤너구리-y7n,"울면서  봤어요.  이 감동, 2022년에  또 느끼고  싶어요^^",6,2022-10-05T06:13:13Z
UzntzuUWkzo,UgxjT_whwPRVRVxpF1Z4AaABAg,@BHP-j3o,"이제 이거 한국시리즈우승하고 
2022 그날의 기적으로 오길 기대합니다",6,2022-10-04T23:16:48Z
UzntzuUWkzo,UgxOlgs2sXQ5FbBPfsN4AaABAg,@윤서-k3h,"KBO 40년 역사상 최초 와이어 투 와이어 우승
기념으로 찾아왔습니다 🔥🔥
이건 못참지",94,2022-10-04T17:35:17Z
UzntzuUWkzo,UgxOEAwv5Ggj8-49iC14AaABAg,@스팸드워드,"정규시즌 우승 후 찾아왔습니다~ 
코시도 우승 V5 가즈아!!",2,2022-10-04T17:03:04Z
UzntzuUWkzo,UgyCJsiGBM-9J4bnHRJ4AaABAg,@meensoo,오늘은 참을수 없었다...,3,2022-10-04T16:08:25Z
UzntzuUWkzo,Ugzm1xhTHjHeGpuugGd4AaABAg,@공민준-l4p,올해도우승하고다음편기대할게요,4,2022-10-04T15:36:38Z
UzntzuUWkzo,UgxnaBPKHPIrbL3m2TF4AaABAg,@미라클박-s6r,2022 다시 우승 가자 🎉🎉,3,2022-10-04T15:16:13Z
UzntzuUWkzo,Ugw2NT1GP1bLfW5hSz54AaABAg,@Woodzgyw,22시즌 와이어 투 와이어 확정되고나서 보니 또 설렌다,7,2022-10-04T14:29:20Z
UzntzuUWkzo,UgyEtX2HIpCXkrUz7L54AaABAg,@journeyjin71,정규우승하고 또 복습하러옴..... 42:00,7,2022-10-04T14:29:19Z
UzntzuUWkzo,UgzUe90vzEbo6KHt9jp4AaABAg,@문어숙회-v5m,정규리그 와이어 투 와이어 쓱뽕차서 보러왔슴다,5,2022-10-04T14:20:16Z
UzntzuUWkzo,UgxSk_Sa_NUQIdZZVGd4AaABAg,@둘리-d6v,45분의 영상이 이렇게 짧게 느껴지다닝 최고의영상입니당❤❤❤❤,5,2022-10-04T13:54:32Z
UzntzuUWkzo,UgzHKUyhHbuoXWVECJh4AaABAg,@도톨이-r6f,성지순례 왔습니다 2022시즌 와이어 투 와이어 정규시즌 우승!  한국시리즈 우승까지 가자~,7,2022-10-04T12:57:58Z
UzntzuUWkzo,UgxtT4ySCblv3XJSuFd4AaABAg,@jrmr9959,매넘1 기념으로 ㅊㅊ,0,2022-10-04T04:02:33Z
UzntzuUWkzo,UgwwnYBNBj3HlJzNY-J4AaABAg,@냥아치-n8b,매직넘버 1 놔두고 한화한테 패배해서 보러온 사람 손,1,2022-10-03T14:27:25Z
UzntzuUWkzo,UgzDF3b2mImBof9Yi_x4AaABAg,@아아-x8g,"우승이 코앞이라.. 다시 또 찾아왔습니다..
썸네일만 봐도 이제는 그냥 눈물이 나는..ㅠ
그때 우리는 완벽하고 누구보다 뜨거웠던 가을이었습니다🍁
다시 한 번 가을 정상을 위해 비상하면 좋겠습니다!!
어메이징 랜더스 통합 우승까지 우리 선수들 다치지 말고 화이팅 해요❤️‍🔥 섬장님의 뜨거운 눈물 다시 보고싶습니다❤️",285,2022-10-02T12:53:10Z
UzntzuUWkzo,UgwfE0vLYHR03B1i_H14AaABAg,@bassballSSG,매직넘버 1 기념으로 왔습니다.. 와이어투와이어 확정되면 또 오겠습니다..,7,2022-10-02T11:37:59Z
UzntzuUWkzo,Ugzi_CdR3mVAjETIO4B4AaABAg,@b4t-d6u,2022년에 다시 해보자 이번엔 통합우승 가자,6,2022-10-01T15:07:50Z
UzntzuUWkzo,Ugzj8Wsxv9ykO_fbckZ4AaABAg,@IIiIiiiiiiIIiiilllllI,"쓱팬으로서 이건 진짜 올타임 레전드...
앞으로 이런 시리즈가 또 있을까 싶은..",56,2022-10-01T14:30:16Z
UzntzuUWkzo,UgzzSPQD_u_X9NOoIsd4AaABAg,@권성연-q4g,오늘 키움전 한유섬 만루홈런보고 한유섬 굿바이 홈런보러 왔습니다 진짜 감동이 밀려오네요,17,2022-09-30T15:50:51Z
UzntzuUWkzo,Ugxi2iZ2RQC6TE7MKWp4AaABAg,@효주-b4r,한유섬 만루홈런으로 쓱뽕차서  다시 보러왔어요.........,2,2022-09-30T15:43:15Z
UzntzuUWkzo,UgyhWuMFl3oHTxt5CdF4AaABAg,@태원이,2위 78승 시즌마감 ㅋㅋ,0,2022-09-26T05:04:51Z
UzntzuUWkzo,UgyzWGxOrNufMtKPsxN4AaABAg,@뉴욕북극곰,"제발 가을야구, 코시 직행 이뤄내자 4년만의 기회라고!!",0,2022-09-25T11:41:37Z
UzntzuUWkzo,Ugw0zRYPqjNTtFmb0qp4AaABAg,@낄낄이10,16:08 껌강민 개소름 빠던 개소름 그냥 다 개소름,1,2022-09-24T20:54:46Z
UzntzuUWkzo,Ugx1-8miLgfiH6kB9TV4AaABAg,@GRMY9719,41:55 칠 수가 없다는거 개간지다,4,2022-09-24T05:00:28Z
UzntzuUWkzo,Ugy-TcToZl4E5XsTEKN4AaABAg,@TV-he6wz,2018년 가을의 기적! 정말 축하합니다,2,2022-09-23T13:26:08Z
UzntzuUWkzo,UgwHdU8ObEzpI9d1v954AaABAg,@YongSonic,나 4개월전에 또 보고 오늘 또 왔네…🙌,2,2022-09-22T15:47:47Z
UzntzuUWkzo,UgyFKtt7_-ikmIQvnGF4AaABAg,@ysleicie,10:35 씹간지 point,7,2022-09-21T04:50:09Z
UzntzuUWkzo,UgyqgsdHAtbGCjFVptZ4AaABAg,@준석-p1q,어우두어우두 할떄도 난 sk가 이길것같았음.. 키움sk 마지막떄는 진짜 기도하면서봤고 이재원 번트모션에서 홈런칠떄 진짜 소름돋았음,0,2022-09-19T17:26:55Z
UzntzuUWkzo,UgxgUOL3tH6dzvCsEvZ4AaABAg,@ALICE-vh6ix,"10만 기념으로 정주행하러 왔는데 이건 명작이네요
주기적으로 쓱뽕 충전 하러옴૮₍◔ᴥ◔₎ა",108,2022-09-19T04:50:27Z
UzntzuUWkzo,Ugy1FQZ4ZFSgKCnmQFR4AaABAg,@감자캐는이모,뜬금없이 생각나면 찾아옵니다.,4,2022-09-18T15:48:38Z
UzntzuUWkzo,UgzUIbvJIljdo9uGu_B4AaABAg,@sososoraa,올해 무조건 우승하게 해주세요.........🙏🏻 제발!!!,4,2022-09-17T11:55:50Z
UzntzuUWkzo,Ugw7qvnzoIqErjbyRQd4AaABAg,@혜성-b1e,"2018 이때 정말 대단했죠.. 이번 시즌에도 마무리 잘해서 정규시즌 한국시리즈 둘다 우승 했으면 좋겠습니다!
끝까지 힘내주세요!",1,2022-09-17T00:10:48Z
UzntzuUWkzo,UgypRjMyRxj0czMP2kl4AaABAg,@KokotdakKoko,KBO 첫 와이어 투 와이어 각 보여서 온 쓱붕이면 개추 ㅋㅋㅋ,8,2022-09-13T08:29:05Z
UzntzuUWkzo,UgxSwiPGJOI7vA7towd4AaABAg,@SSGLanders14,"올해에만 벌써 3번째 봤어요 
김광현선수도 돌아왔고, 지금까지 1위인만큼 선수들 끝까지 파이팅해서
2022년도 버전으로 영상 나왔으면 좋겠습니다
랜더스 파이팅👊🏻",46,2022-09-10T06:00:48Z
UzntzuUWkzo,UgxxZ8yWagw1G1DK9WN4AaABAg,@나의오타니,"2018 풀옵과 코시는  평생  잊을수  없을듯. 김강민, 최정,  한동민의  극적인  동점포와 역전포 ! 그걸 삼진으로  마무리  짓고  우승을  안겨준  우리  에이스  ! 너어무  행복했다 ♡♡",2,2022-09-08T13:20:44Z
UzntzuUWkzo,Ugw9RQKLPHlQ2Pf2Nb14AaABAg,@happytoday21,"이 우승이 짜릿한 이유
1. 8년전 모습이 오버랩되는 킹광현의 마지막 우승확정 투구.
2. 어우두를 외치던 두산팬들 -14.5게임차 뒤집고 업셋우승으로 아닥하게 만듦.
3. 문학 탁구장이라고 조롱하던놈들 잠실에서 홈런 두방으로 아닥하게 만듦. 잠실도 탁구장인데 너희만 못넘겨?
4. 과정 자체가 짜릿함. 플레이오프 넥센과의 5차전까지 가는 혈투끝에 5차전마저도 역대급 명승부
(9회초 박병호에게 동점투런 처맞고, 10회초 역전당했으나, 10회말 킹강민과 한동민의 홈런으로 재역전승) 끝에 올라와서 우승.",3,2022-09-06T05:36:03Z
UzntzuUWkzo,UgySoD3RIwcTAaRsNFN4AaABAg,@applehouselee,요즘 너무 답답해서 옛날 영상 보러왔습니다. 선수들도 한 번 봤으면 좋겠네요.,9,2022-09-03T16:04:56Z
UzntzuUWkzo,UgwyjnKxtm9diLdyzbt4AaABAg,@JOHNCENA-uw7el,진짜 다시봐도 너무 소름끼치네요,4,2022-08-29T13:02:27Z
UzntzuUWkzo,UgzOcl_eyXxEH7Jdp8l4AaABAg,@kendkwn2260,25:17 재원이형..,3,2022-08-29T09:41:21Z
UzntzuUWkzo,Ugxf78HIammc8DfyCo14AaABAg,@김성희-e8e7e,오랜만에 다시 보러온 V4....😭,1,2022-08-29T06:15:56Z
UzntzuUWkzo,UgyM0kiEb71Wc-ufj8d4AaABAg,@KihyangHong,2019년 두산이 우승을 했습니다,0,2022-08-27T05:24:53Z
UzntzuUWkzo,UgxL9yPEkwoURzL_UZ14AaABAg,@하니우주,정말 집에서 한동민 (현 한유섬)의 플레이오프 5차전때 시리즈 끝내는 홈런 티비로 보고 창문열고 나팔불었었는데...추억이네요 이번 22년도 랜더스로 바뀐지금 큰 게임차로 1위 달리고 있습니다!! 이번 시즌에 4년만에 우승합시다!!!,3,2022-08-23T16:07:39Z
UzntzuUWkzo,Ugzw-LLgjMMF6bmplIx4AaABAg,@호잇-y1n,2018년 플레이오프 한국시리즈 전부 직관했는데..이때 관중들도 미쳤었음 모르는사람이랑 같이 얼싸안고 난리도 아니였음ㅎㅎ,1,2022-08-23T13:48:42Z
UzntzuUWkzo,Ugym5zg1XLuMQg6dFb54AaABAg,@KihyangHong,2018년에 SK가 우승을 했습니다,1,2022-08-23T07:48:39Z
UzntzuUWkzo,UgwOfUxrS7YUNRgAkSB4AaABAg,@user-vs7ov2om7g,"그냥코로나확진되고 할거없어서 왔읍니다....
18가을야구 인생개꿀잼",1,2022-08-20T13:43:58Z
UzntzuUWkzo,UgzS26DHCgDcJjTrSoB4AaABAg,@kang_passionate,"군복무 기간 중 소대에서 부조리 당하고 있을 때 
정신적으로 한창 피폐해지던 저에게 정말 큰 힘이 되어줬던 그 시절 sk야구.. 

힘든 상황에서 야구 덕분에 잠시나마 행복 할 수 있었습니다",22,2022-08-19T07:31:34Z
UzntzuUWkzo,Ugw1a7vPxnOmj-9-9Ax4AaABAg,@Tigers1223,기아v11,0,2022-08-19T06:14:23Z
UzntzuUWkzo,UgzQNKvylwIcKXIEH5l4AaABAg,@swcm6688,진짜 왜 로맥 나갔냐,1,2022-08-17T02:11:00Z
UzntzuUWkzo,UgyjCqTSULwBd4pBJP54AaABAg,@용이-t6u6h,힘든일있을때마다 꼭 이영상을 찾게되더라구요..낼은 이때의 감동처럼 기분좋은일만있길,2,2022-08-16T17:52:44Z
UzntzuUWkzo,UgxaD-rke3DnGFa_Uud4AaABAg,@gamuddoie,40:11 공이 ssg 들어오더라고요,8,2022-08-15T17:30:02Z
UzntzuUWkzo,UgzQeDYAiwiN_TgFDeB4AaABAg,@DangGinJae,어제 경기보고 왔습니다! 랜더스 화이팅,2,2022-08-15T05:31:30Z
UzntzuUWkzo,Ugyh0Z98AXlxFP2MJ3l4AaABAg,@사람-d3h7c,70승이다! 우리 팀 최고🫶🏻🫶🏻❤️,4,2022-08-13T15:26:08Z
UzntzuUWkzo,UgwPuZCR3t4opO10pGJ4AaABAg,@asteroid8510,"김광현 10승기념 다시왔습니다...
올해도 이 전율 다시한번",3,2022-08-13T15:04:51Z
UzntzuUWkzo,UgyxGq7IF-KYXq1E7ul4AaABAg,@무투파,김택형 살아나라,4,2022-08-12T04:42:42Z
UzntzuUWkzo,Ugxm9op27G64CzsP8XF4AaABAg,@장혜원-z5f,강민옹 은퇴 안했음 하는 맘에 우리 잠수함 복귀기념 또 출근도장 찍으러옴!!!!,3,2022-08-10T06:55:23Z
UzntzuUWkzo,Ugwf-i5In-TKXvs2usF4AaABAg,@YY-ig9gk,"대체 몇번을 다시 보는거지.. 
올해 진짜 반드시 우승하자!!",1,2022-08-09T19:54:52Z
UzntzuUWkzo,UgzciIq8t3ZwsvCqM7d4AaABAg,@Orca88888,바키가 없는 게 너무 아쉽다. 슼팬 모두에게 가장 아픈 손가락이 아닐까 싶음.,5,2022-08-09T17:35:32Z
UzntzuUWkzo,UgxHJwC7inFFQMFhrpF4AaABAg,@재민-n8p,감동님 .. 언젠간 다시 돌아오신다고 했으니까 기다릴게요 ..ㅠㅠㅠㅠㅠㅠ,2,2022-08-09T06:55:46Z
UzntzuUWkzo,UgzOKs1511ep-eABZH94AaABAg,@GGamdoryTM,"이거 보니까 올해 더 우승하고 싶어졌어요.
광현이는 팀이 우승할때마다 에이스 자리에 있네요. 찡하다ㅠㅠ",17,2022-08-09T00:28:39Z
UzntzuUWkzo,UgwcM5rBtNSBCbZSRdB4AaABAg,@carpediem6741,나 자꾸 여기와… 진짜 온맘다해 응원한다,2,2022-08-06T15:43:05Z
UzntzuUWkzo,UgzsGOXICTWNx8gJsqB4AaABAg,@alwaysneull,쓱 이번년도 할수있다구!,3,2022-08-04T16:29:24Z
UzntzuUWkzo,UgxZgpUkW7TZeMeD-KB4AaABAg,@MIHYUNOH,아직도 보러오는 사람 👋,2,2022-08-03T19:00:38Z
UzntzuUWkzo,UgyipU6Q-H-d6uT3vIx4AaABAg,@용선생랜더스,우울할때 보는영상,5,2022-08-02T02:49:43Z
UzntzuUWkzo,Ugx9BIowi6F7zH2eTPN4AaABAg,@ilkmy01,플옵5차전 직관가서 본 내가 레전드,3,2022-07-31T10:51:44Z
UzntzuUWkzo,UgxXBqTsGeOkT3U9jih4AaABAg,@wyvernssk491,박종훈선수 복귀기념으로 또왔습니다,2,2022-07-31T06:36:38Z
UzntzuUWkzo,UgxM9fbJZ2LoBC3Z86R4AaABAg,@쓱튜브차기피디최민준,택콩이 이때 진짜 애기네…,3,2022-07-30T18:22:29Z
UzntzuUWkzo,Ugwca1P5c0qcCJhq1Gx4AaABAg,@millass00,한참을  울었네요.. 응원합니다,1,2022-07-30T14:06:21Z
UzntzuUWkzo,UgxnuOpFiLVuAnlZAOF4AaABAg,@엔돌균,기분안좋을때마다 보러온다...,4,2022-07-28T16:45:48Z
UzntzuUWkzo,Ugz3SYiYZTltTRHEYE14AaABAg,@김창섭,주기적으로 옵니다,4,2022-07-27T11:36:27Z
UzntzuUWkzo,UgzT5mUbmGecuE8UFFh4AaABAg,@진진-u1f9p,이때 김태훈과 김택형은 참 믿음직스러웠는데...ㅠ,6,2022-07-26T23:25:55Z
UzntzuUWkzo,UgyGQA01zcTgSPpKd8F4AaABAg,@jakey126,"2022, 4년만에 한국시리즈 우승 도전 가보자구",4,2022-07-26T22:00:31Z
UzntzuUWkzo,UgyYiFpZ3D55Zddv33d4AaABAg,@laphroaig_appendix,성지순례 again 2018 : V5,7,2022-07-26T03:45:44Z
UzntzuUWkzo,Ugx--MJ5EcjuBwqelfR4AaABAg,@316L-o8f,"4년이라는 시간이 짧지가 않구나.
그때는 김광현 선수 앳된 얼굴이었는데
지금은 딱 35살인게 보여",9,2022-07-26T03:35:29Z
UzntzuUWkzo,UgxVEnQva9U84sqyp7Z4AaABAg,@김준영-o7p,"모든 선수들 잘해줬지만 2018 sk 우승이 뭔가 특별하게 다가온 점은 힐만감독과 로맥선수의 존재감이 워낙 컸다보니 한미연합, 인천상륙작전 등이 떠오르는 듯해서 더 웅장하고 의미깊었음!",15,2022-07-25T20:28:53Z
UzntzuUWkzo,UgzyTbLUnKSbeTR-Nd54AaABAg,@쩜상-s7o,플레이오프 코리안시리즈  역대급 시즌이긴했음,5,2022-07-23T15:28:03Z
UzntzuUWkzo,UgynZtB394EjR7Dxss94AaABAg,@sor2744,전반기 내내 1등하고 보러옴,5,2022-07-20T11:17:21Z
UzntzuUWkzo,Ugwz-Xu1IOrrZq6llGt4AaABAg,@멍이아빠,난 오늘도 보러왔다. 다음엔 2022년 스토리 보러 올게 고마워 sk & ssg..,4,2022-07-14T04:00:02Z
UzntzuUWkzo,UgyFXu9cL_h9HktXjR94AaABAg,@luckyflover,오늘은 문쇼 복귀 기념으로 보러왔습니다....다시 봐도 밀려오는 뭉클함은 여전....ㅠㅠ,141,2022-07-10T13:35:17Z
UzntzuUWkzo,UgzzxIg3v2nlP2CfGwJ4AaABAg,@시작-w7f,정말 레전드 시리즈 ㄷㄷ,3,2022-07-03T02:26:14Z
UzntzuUWkzo,UgyvMODL3ZDcUNK8J914AaABAg,@모펜-y2o,"2007, 2008, 2010한국시리즈 우승보다 2018한국시리즈의 우승이 위에 세 번의 우승보다 더 값진 한국시리즈로 느껴졌습니다.   

2022년 다시 한 번 느끼고 싶습니다. 그리고 믿고 있습니다.",31,2022-06-30T01:05:57Z
UzntzuUWkzo,UgxjRq8iTkaRvXUuHsx4AaABAg,@꾹꾹이-b2x,22년도 V5갑시다,6,2022-06-26T15:21:50Z
UzntzuUWkzo,UgzibMkSJK_187XS6d14AaABAg,@lllerin_,아 진짜 감동 오진다,4,2022-06-26T15:06:28Z
UzntzuUWkzo,UgyPDu0EnXPD69wFPOJ4AaABAg,@MS-21-n3i,하아 씨 눈물나,3,2022-06-26T09:59:29Z
UzntzuUWkzo,UgykCi3fJDJIOgzcPJF4AaABAg,@landylanders,오래간만에 보러왔는데 또 뭉클해 또 ... 하 ..... 내슼내쓱 .. 사랑해 ...........,4,2022-06-25T15:50:21Z
UzntzuUWkzo,UgxITOgRzxQc_hOpT5Z4AaABAg,@단단-d7s,40:48,4,2022-06-06T13:37:43Z
UzntzuUWkzo,UgyuXL56r_z6n9DyhgJ4AaABAg,@소진규,최주환 돌아와,5,2022-06-05T04:21:36Z
UzntzuUWkzo,Ugy73308Is1Mvc4H22t4AaABAg,@꼬륵꼬륵-t3c,올해는 우승한다!!!,4,2022-05-28T04:03:58Z
UzntzuUWkzo,UgwaAE7-4OE9L4KPqCh4AaABAg,@Dnghk92,40:13 초구에 공이 슥 들어와서 3년뒤 스크에서 쓱이 되었다는 학계의정설,5,2022-05-25T06:20:39Z
UzntzuUWkzo,UgwYxwI1RTqy26H3XW14AaABAg,@sw22t-salt,마지막에 우승 플래카드 앞에 광현이 누워 있는 거 ㅋㅋㅋㅋ 진짜 영원한 에이스이자 막내 같은데 이젠 선배님이 되었네 광현이도 돌아왔고 짐승이랑 추추 있는 올해 꼭 우승해 보자!❤️,79,2022-05-22T15:01:57Z
UzntzuUWkzo,Ugwr9oCQonpxoGk7lyZ4AaABAg,@레벨업-f1e,로멕 보고싶다 ㅠㅠㅠㅠ,6,2022-05-22T01:13:36Z
UzntzuUWkzo,Ugx03ryMWeAgCBKN-6d4AaABAg,@김수민-x4d,타팀팬인데 이때 슼은 진짜 영화 한 편 찍었다.... 이 영상 지우지 말아주세여....잠 안올때 보게요...,15,2022-05-21T17:41:37Z
UzntzuUWkzo,UgyIRhyXUXfYxMjsQWx4AaABAg,@scp-lj1ey,18년도 sk(ssg)는 홈런으로 거의 승부했죠,0,2022-05-20T23:50:27Z
UzntzuUWkzo,UgwUoQIgcl5lctWaBj14AaABAg,@사유-k8r,인천인으로 2018년 인천야구는 너무 멋져습니다.,2,2022-05-20T23:04:48Z
UzntzuUWkzo,UgwI9sdMVIhpdWkVABZ4AaABAg,@초코랜디,맘속에서 야구 1승이 뭐라고..외칠때 오는 곳ㅋㅋㅋㅋ,2,2022-05-20T03:05:36Z
UzntzuUWkzo,UgyBwF2WD93Q8GmFvwJ4AaABAg,@지마하-f7j,진짜 존나 지린다,3,2022-05-20T02:49:42Z
UzntzuUWkzo,UgwdXGQwJ-5oboSzPIp4AaABAg,@YY-ig9gk,태훈이 돌아와줘 제발,3,2022-05-20T00:50:57Z
UzntzuUWkzo,Ugx8_wQopsw1x_-5RLl4AaABAg,@호랑이-q2y,18 Sk우승은 타팬이 봐도 뭔가 감동적이었음,3,2022-05-17T07:46:52Z
UzntzuUWkzo,Ugz2II44hy_pGv35uMF4AaABAg,@rhwogns7158,6차전 문승원 계투에 김광현마무리는 진짜 와 소리밖에안나옴,4,2022-05-16T01:48:02Z
UzntzuUWkzo,UgzcOLQaoIEIwsvCyOV4AaABAg,@user-uk9os2vr3m,이때가 그립다 지금야구는 우리팀야구가아니다,3,2022-05-15T08:34:19Z
UzntzuUWkzo,Ugw4ke4Ql8YcQi39um14AaABAg,@DAN__GOO,4:22 배팅걸 존 귀,1,2022-05-13T18:28:45Z
UzntzuUWkzo,UgyL5BTXNk6Uygald_p4AaABAg,@godfather0117,강수 유희관 ㅋㅋㅋㅋㅋ,2,2022-05-13T12:45:39Z
UzntzuUWkzo,Ugx7tmf_lShZVECsf_R4AaABAg,@YongSonic,진짜 다시봐도 그날의 감동이.. 어떤 각본가가 와도 이런 시나리오는 못쓸듯..👍,12,2022-05-12T15:36:40Z
UzntzuUWkzo,UgzPekGiyGVjD-lFrxt4AaABAg,@김무옥-k1h,우승 가능성 있는 시즌이라 다시 보러 왔습니다,2,2022-05-10T13:58:18Z
UzntzuUWkzo,Ugw1vgeiSv80xRvh-sp4AaABAg,@tv-tw8dw,33:44 그는 그렇게 ssg소속이 되었다고한다..,5,2022-05-09T09:50:29Z
UzntzuUWkzo,UgybHNnxZHQxEIq1zwB4AaABAg,@ks1238,ㅎㅎ 올해도 이런 영상이 올라오길 기대해봅니다,4,2022-05-09T05:53:47Z
UzntzuUWkzo,UgzheRWVGtkuiO-5gLZ4AaABAg,@Square-Landers,결론 : 최주환은 이때로 언제 돌아올것인가,5,2022-05-07T05:36:20Z
UzntzuUWkzo,Ugzhaai0hwgFV6DUNfR4AaABAg,@양라마-d5m,SSG 좆박은 경기 할 때 마다 이 영상 보면서 다시 한 번 팬심을 다잡는다,22,2022-05-04T13:54:10Z
UzntzuUWkzo,UgwUdR-Fg184Zt_2Xt14AaABAg,@그냥저냥-o5f,17:00 난 이게 너무 웃곀ㅋㅋㅋㅋㅋㅋㅋ,10,2022-05-02T16:13:23Z
UzntzuUWkzo,UgwMRsirsLmxBf7MXKp4AaABAg,@김꺽정-b7y,16:55,5,2022-05-01T03:57:48Z
UzntzuUWkzo,UgyoYfrz_UARxshY3354AaABAg,@user-yw6en5gt6o,이재원 진짜 말랐었네 이때는 이때 몸으로 돌아가줘 제발,6,2022-04-30T15:58:08Z
UzntzuUWkzo,UgzCEzociumi8pEJ6jl4AaABAg,@howru032,간만에 복습하고 갑니다,3,2022-04-30T13:56:50Z
UzntzuUWkzo,UgwIwlMDcUQkeLejurF4AaABAg,@태롱-r7w,기아팬인데.. 45분 순삭이네요..!!,3,2022-04-27T16:53:57Z
UzntzuUWkzo,UgzLiU9brGScTL7s2lZ4AaABAg,@bohemiankim5545,가을남자 박정권..멋있다👍♥,4,2022-04-27T09:12:44Z
UzntzuUWkzo,Ugwvq8yurch9-QId2AJ4AaABAg,@김희수-y4o,"태훈이형 돌아와죠,,",5,2022-04-26T16:57:49Z
UzntzuUWkzo,UgzLZoORf_Yv0UhfQz14AaABAg,@wannebeIrene,"구단은 바뀌었지만, 다시 한 번 왕조의 영광을 재현해보길 바라며, 올해 V5 다시 한 번 만들어 봅시다! 결과와 상관없이 랜더스 너무나 사랑합니다!!!",53,2022-04-24T14:32:40Z
UzntzuUWkzo,Ugzbh7Z4Jc1omvQzHnl4AaABAg,@sundokim2093,잉잉 최고시다,2,2022-04-23T00:58:22Z
UzntzuUWkzo,UgykHs55569qGvnuoIF4AaABAg,@Expostfacto-q7e,진짜 스킾 할 수가 없다 ㅋㅋㅋ,6,2022-04-18T18:48:08Z
UzntzuUWkzo,UgxhMqx_ebxqS8GvTWV4AaABAg,@choi_312,22년입니다. 올해우승할꺼 같아서 또 보러 왔어요. ㅋㅋ,7,2022-04-18T13:49:32Z
UzntzuUWkzo,Ugzi7MKgI8g3m0MdulR4AaABAg,@soeodlasd6123,지금봐도 감동이네...  저때 직관표 사느라 애 먹었었는데..   올해 기대해도 되겠지?,2,2022-04-18T11:29:20Z
UzntzuUWkzo,Ugx69t-u-UxT07MsVYR4AaABAg,@TV-jg8mx,2022년 개막10연승후 보고 있는 사람 ㅋㅋ,7,2022-04-15T12:39:13Z
UzntzuUWkzo,UgzcoiUNIaNPUJtkrVF4AaABAg,@Rubber___duck,7번째 보러 옴,4,2022-04-13T17:38:11Z
UzntzuUWkzo,UgydweYpm-pPwx4NZx94AaABAg,@Alllqiiii,벌써 4년전이네,3,2022-04-13T16:05:48Z
UzntzuUWkzo,UgxOBxckIw_yfU9afQF4AaABAg,@gibunzzang,5:42 ㅈㄱㅇㄴ,2,2022-04-13T08:22:12Z
UzntzuUWkzo,Ugy9ENlViKDh-Xb3prh4AaABAg,@9002-o7k,41:15 이날 김광현 피칭은 내가 sk팬이된 이후로 가장 최고의 피칭이였다거 생각함 올해도 리그 뿌셔보자!,5,2022-04-13T05:06:14Z
UzntzuUWkzo,Ugzv32c-EHvfrNoiZ9V4AaABAg,@메가피피피자자,하.. 이때 진짜 너무 좋았다ㅠ..ㅠ,2,2022-04-13T04:10:11Z
UzntzuUWkzo,Ugyf2ELstiqc5EtQ-ER4AaABAg,@cowblack,SK를 추억하면 SSG팬이 기업을 떠나 그저 팬으로 다시금 응원을 남깁니다.,3,2022-04-12T16:03:06Z
UzntzuUWkzo,Ugw7yEWbIPCziilw1aN4AaABAg,@user-nc5yw5et7o,이때 한화도 좋았었는데....,2,2022-04-11T13:07:50Z
UzntzuUWkzo,Ugzriv83iXwAb-yMM_54AaABAg,@영-h3k5d,2018코시는 평생 안고 갈 기억..,4,2022-04-11T06:13:32Z
UzntzuUWkzo,UgxUcqM6jdgrJZ0i9Ox4AaABAg,@92yungenie,올해.. 이 행복을 다시 느낄 수 있기를 랜더스 가보자고🧨❤️‍🔥,2,2022-04-09T16:00:19Z
UzntzuUWkzo,Ugwq1W_7_r4JCwIwuIF4AaABAg,@보테장미,저 당시  야근하면서 휴대폰으로 보던게 기억나네요. 지금 다시봤는대도 눈물이 나네요. 인천에서 청보핀토스팬 시작으로 와이번스팬. 그리고 지금의 랜더스.구도인천 언제나 사랑합니다. SK란 팀이름으로 마지막  우승을 함께해서 행복했습니다.,3,2022-04-07T17:16:10Z
UzntzuUWkzo,UgxL9L7VhemYnt5-bl14AaABAg,@새콤둥이,2022년 우승할것 같아서 다시보러 왔습니다!,5,2022-04-07T13:57:55Z
UzntzuUWkzo,UgxTFJ6XrVv0SL6ic7t4AaABAg,@금자-d9w,왜자꾸 보러오게되지..? 올해 진짜 우승할건가봐.. 나 기분 이상해,8,2022-03-26T06:59:16Z
UzntzuUWkzo,Ugw7ZXBYosZiSB4ibyt4AaABAg,@이혜영-t5z,"봐도봐도 감동이고 눈물난다 
지금 로맥선수. 힐만 감독 생각나는건 저만 그런건 아니죠?
로맥보고잡다",6,2022-03-25T13:16:11Z
UzntzuUWkzo,UgxrkTzKHQuQX4sBdXR4AaABAg,@YY-ig9gk,V5 힘들겠지만 올해 가져갔으면 좋겠다,2,2022-03-19T19:30:17Z
UzntzuUWkzo,Ugzs1pw5nfIgXtsZmBN4AaABAg,@짱아-f1l,Sk는 기아의 영원한 라이벌이었습니다~지금은 구단이 바꼈지만 sk라는 단어는 영원할것입니다,2,2022-03-16T10:12:44Z
UzntzuUWkzo,UgyPAMeE0lo5ArIBuEB4AaABAg,@박경세-o4l,캬~~~~~~~~~~저때  우승  못하는줄  알았는데 우승해버렸어!특히 플레이오프  5차전,2,2022-03-16T00:53:39Z
UzntzuUWkzo,UgwAvdTsE3z5xNk9Xv14AaABAg,@grken9560,힐만감독님 그립다ㅠ,3,2022-03-10T14:13:15Z
UzntzuUWkzo,Ugy0nQQbXILJrfrSgtB4AaABAg,@김재진-s2p6r,"SK에 우승한 것처럼 SSG도 다시 시작해 웃고 행복하게 우승 하자!!
김광현도 다시 들어왔으니 SK우리 홈련 공장 SK 다시 SSG로 홈런공장 다시 시작하는게 우리에게 SSG팀에게 행복한 결말이라고 생각합니다.
우리 SSG선수분들 2022년도도 힘내시고 이번에는 SK가 우승한것처럼 다시 우승하는게 미래라고 생각합니다.
우리 SSG선수분들 화이팅하시고 사랑합니다.
모두 행복하시고 다치지 마시고 다시 웃는 모습을 보고싶습니다.  펜분들 선수분들 사랑합니다.♡♡ 모든 선수분들 화이팅 하세요!!",5,2022-03-10T14:04:44Z
UzntzuUWkzo,UgxG4mS16qRbmU23MxJ4AaABAg,@lllllill477,김광현 복귀 기념으로 오랜만에 쓱뽕충전하러왔으면 개추,462,2022-03-10T10:22:35Z
UzntzuUWkzo,UgxRquK45iOEZjwphoB4AaABAg,@yonggucho6896,"영상을 보는데 그때 기억이 떠오르네요…. 미국에서 시청했는데ㅜ 넥센과의 플레이 오프, 두산과의 한국시리즈
세벽에 일어나  밤새 응원하고, 다음날 피곤하지만 너무 행복했던 기억이 ㅜㅜ 
아직도 기분이 좋아요. 감사합니다 이렇게 멋진영상 만들어 주셔서",2,2022-03-01T16:15:20Z
UzntzuUWkzo,UgwoNhQw1Bs2odqgJnp4AaABAg,@최명근-z4g,진짜 다시 봐도 감동...울컥하네요 지금봐도,3,2022-02-21T11:17:45Z
UzntzuUWkzo,Ugz05pA9bKCIWY7MbE14AaABAg,@dreamkim0303,벌써 3년이 넘었네요.. 우승한지가ㅠㅠ,4,2022-02-15T17:22:27Z
UzntzuUWkzo,UgznXfrvipcBZhZJobp4AaABAg,@손경훈-q6p,KIA도 5년만에 가을야구.6년만에 V12(KIA V3) 갑시다.,2,2022-02-10T12:05:18Z
UzntzuUWkzo,UgzXXmaVUCHU2xLkbUZ4AaABAg,@손경훈-q6p,13.8%ㅋ 팀 와이번스 6년만에 가을야구 (플옵)진출. V4 우승,2,2022-02-10T12:00:59Z
UzntzuUWkzo,UgyNREJySweRNy1oW5l4AaABAg,@날강도-d8m,안타는 쓰레기라던 SK가 그립네.,1,2022-02-04T15:06:53Z
UzntzuUWkzo,Ugzz0OhOeXqE0mJwnCl4AaABAg,@홍성현-e8i,하 이제는 SK 와이번스가 아니라니... 참... 애석하고 슬프다,1,2022-02-02T17:44:05Z
UzntzuUWkzo,UgyotAVDrJO0WUG2haF4AaABAg,@하재민-v8o,이때  행복이  다시  생각나네요,1,2022-01-22T13:14:00Z
UzntzuUWkzo,UgwdxRW9RnFAbOzdeGl4AaABAg,@lkiOwe,봐도봐도 질리지가 않는다,0,2022-01-19T02:17:34Z
UzntzuUWkzo,UgwMxDhieHzhoHh1o8h4AaABAg,@zeus18091,31:20 배트걸 좋아하는거 넘 좋당,4,2022-01-16T09:03:01Z
UzntzuUWkzo,Ugz_PFQ9YWBuIOKQgqB4AaABAg,@태인송-g2l,두팬이지만 ㄹㅇ 기적,1,2022-01-11T12:43:40Z
UzntzuUWkzo,UgwBQpKTT_rAagvNXfB4AaABAg,@LANDERS14,다른사람이 최정을욕해도 소용없다,4,2022-01-09T19:21:13Z
UzntzuUWkzo,Ugw_hP_21mqjapbVcrJ4AaABAg,@그냥사람-x3k,그러니까 망하지,0,2022-01-03T12:07:56Z
UzntzuUWkzo,Ugzwa0JPoH2aj4gUmW94AaABAg,@한예준-h2j,다시봐도 미쳤다 진짜...,5,2022-01-02T14:40:56Z
UzntzuUWkzo,Ugzfz2xYYVIHH78Vhkd4AaABAg,@이창원-u7z,"두산이 에스케이를 엄청 싫어함ㅋㅋㅋ

2007, 2008, 2018한국시리즈 두산이랑 만나서 한번도 안짐, 2009년 두산과의
   플레이오프는 2번을 홈에서 지고도
3번을 이기며 기적의 한국시리즈 진출...
에스케이는 두산베어스 천적....
두산은 결국 sk못깸ㅋㅋㅋㅋ",2,2022-01-02T13:38:48Z
UzntzuUWkzo,Ugz9gGQd8D5O5GSpV4t4AaABAg,@lgdongyeon,항상 힘들고 지칠때 보는 영상입니다. 끝날때 까지 끝난게 아니라는것을 느낍니다. 포기하지말고 항상 최선을 다하면 결과는 항상 따라올겁니다. 2022년 한해도 잘합시다!  새해 복 많이 받으세요^^,4,2022-01-01T13:19:11Z
UzntzuUWkzo,UgyYz7j8YA_iAbydgkt4AaABAg,@Ronaldo-ny7vz,2022시즌 우승 정조준하자.  V5 랜더스,2,2021-12-31T12:36:06Z
UzntzuUWkzo,UgyLRqiCgBKIUEsfHOx4AaABAg,@GO_DOOSANV7,두산팬을 2015년 부터 했던 초5인데 2017년 KIA 다음으로 무서웠던 팀이었음,0,2021-11-28T10:11:19Z
UzntzuUWkzo,UgziSfcRrYej0g6CcMZ4AaABAg,@qordn100,"불타는그라운드때도 부러워한 엘지팬인데 랜더스가 되어도 부럽네요.
낼모레면 40인데 그전에 엘지는 우승할수있으려나...ㅜ",2,2021-11-28T08:01:06Z
UzntzuUWkzo,Ugy1Zm5-YgZg6RpPgj14AaABAg,@황은혜-s4g,봐도봐도감동이야ㅠㅠㅠㅠㅠㅠ,1,2021-11-19T15:16:19Z
UzntzuUWkzo,UgwMg5MvEs7gjV16Csl4AaABAg,@Bella-fy2tg,"KT우승장면 보다가 부럽기도 하고 그립기도 해서 다시 보러 온 나..☆ 가을만 되면 귀신같이 살아나 홈런 빵빵 쳐대는 가을정권하며(평생 은퇴 안할 줄 알았어....), 9회 2아웃 2스트라잌에서 홈런치는 최정하며, PO 5차전에 끝내기 홈런치더니 코시 마지막까지 홈런친 한동민하며(이제 한동민 날려버려라 못해서 똑땅해), 무슨 서사가 야구만화 주인공같은 에이스 김광현하며.... 그 외에도 진짜 다 자기 역할 너무 잘해조서 ㅠㅠㅠㅠㅠㅠ 2018년 슼은 진짜 레전드다 볼때마다 가슴이 웅장해진다",3,2021-11-19T02:56:34Z
UzntzuUWkzo,UgwOmxQU0UfWc7DNimB4AaABAg,@빼꼬미-k1p,또보러왔다...,4,2021-11-14T15:55:20Z
UzntzuUWkzo,UgzQgy9TpCi_0WOD_ZF4AaABAg,@빡지-o9z,이영상을 몇번째 보는건지....,4,2021-11-04T15:33:34Z
UzntzuUWkzo,UgwhVi-FYTVJ3daM7aZ4AaABAg,@최민규-o6g,눈물난다,2,2021-11-04T02:06:34Z
UzntzuUWkzo,Ugxr1i7nW4oo4DVuRoZ4AaABAg,@rydrhkwbffl9349,2023년 힐만 감독에 로맥코치가 보고싶습니다~~~,3,2021-11-04T00:53:06Z
UzntzuUWkzo,UgwwZJl2pw3-ik7heUB4AaABAg,@러브진-z2m,"언제나봐도 감동적이고 멋있다 👍 
정말기적같은 드라마 🖤 
이런시즌 다시 오겠죠? .. 너무그립다",7,2021-10-31T04:50:30Z
UzntzuUWkzo,UgyjV_Sj_i6USajWfmF4AaABAg,@MonsieurKimminJae,"두팬입니다. SSG(옛날 SK) 랜더스(옛날 와이번스) 우승 정말 축하드립니다!
SSG V5 가자!",5,2021-10-29T14:05:53Z
UzntzuUWkzo,UgyP88VyfwollpDtrTB4AaABAg,@cardero-robson,다시봐도 또 보고 싶은 감동의 시간였습니다.,4,2021-10-27T17:51:07Z
UzntzuUWkzo,Ugyy1LgUvNhomfaEi9V4AaABAg,@topy4916,올 시즌 홈런 빵빵 치는 거 보고 이때가 생각나서 또 보러왔는데 올타임 레전드네요 후 ..,6,2021-10-23T02:28:57Z
UzntzuUWkzo,UgyB7bLCKAuOzRM21qB4AaABAg,@가꼬이상,엘지팬이지만 넥센이랑 경기 진짜 레전드 경기였음 진짜 역전에 역전 진짜 멋진경기 스크팬들은 진짜 울었을듯,3,2021-10-12T16:23:50Z
UzntzuUWkzo,UgzF6n7hElwfmZNbx7l4AaABAg,@김희정-i2k1f,2018년이 그리워요,9,2021-10-10T02:28:21Z
UzntzuUWkzo,UgxnGvP887ZQc7ReKVd4AaABAg,@hoonekim6618,2021 10 02 박정권 은퇴 그렇게 또 역사가 되어 간다,5,2021-10-02T14:46:45Z
UzntzuUWkzo,Ugzro2x1NZxn_aAiWtx4AaABAg,@문준범-l3q,25:30 이때 이재원 어디갔냐...,7,2021-09-27T13:16:28Z
UzntzuUWkzo,Ugy9pBmy0AzXJy5dsF54AaABAg,@박깜보-e1e,이랬던팀이 지금은..하….,7,2021-09-20T15:15:02Z
UzntzuUWkzo,UgwjdrkAAdb5koU_Mqx4AaABAg,@Usonedaller,왕조의 DNA는 존재한다는게 증명되었던 18시즌 김광현 최정 김강민 박정권 이들의 존재는 진짜 엄청났다,5,2021-09-20T06:58:00Z
UzntzuUWkzo,UgyTbyqMETNtM3NAUwF4AaABAg,@wngh111,최고에 빌런=김태훈,2,2021-09-19T11:14:26Z
UzntzuUWkzo,Ugzo8kpm98b-kyM0cvV4AaABAg,@meongdaenghee,이 영상 분명히 작년까지만 해도 40만조회수였는데 언제 이렇게 올라간거지..??ㅋㅋㅋㅠㅠ 염강점기 때 못해서 이것만 맨날 돌려봤었는데... 모기업 바뀌고 보니까 또 새롭네ㅜ,5,2021-09-10T16:59:21Z
UzntzuUWkzo,Ugz8gffRfQl77vO9gvB4AaABAg,@tororo201,2021년 9월이고 지금 4등중인데요 또 보러왔어요 한 50번은 넘게 본듯,4,2021-09-03T16:18:14Z
UzntzuUWkzo,UgzP89ON5WLPat_asNB4AaABAg,@h.xe1n,넥센이랑 했던 플레이 오프 보러 직관이였는데 하루동안 희로애락을 다 느꼈음,4,2021-09-01T03:01:40Z
UzntzuUWkzo,UgywMGGQjJQNEbdIS-F4AaABAg,@jihyeon99,27:37,2,2021-08-23T10:01:07Z
UzntzuUWkzo,UgwAqAqTx43uiQzIiXJ4AaABAg,@jihyeon99,21:15,1,2021-08-19T22:49:26Z
UzntzuUWkzo,UgygqHGMBOJgHMxWg9N4AaABAg,@신태승-p8s,"슥팬으로서 최고의 경기들이었슴돠....💦💦
힐만,켈리,산체스,박정권 그립슴다",7,2021-08-16T08:04:03Z
UzntzuUWkzo,UgwKdVd0EIeFPaz83k94AaABAg,@민우이-z8f,오랜만에 알수없는 알고리즘으로 보고 있는데.. 저때 포스트시즌에서 숨은 MVP는 박정권이였다고 생각함.. 시즌 내내 2군에 있을정도로 폼이 나이와 함께 많이 떨어진 상황이였는데 필요할때 홈럼을 터트려주면서 우승을 했던  박정권이 진짜 잘했다고 생각했었음..,12,2021-07-27T23:50:43Z
UzntzuUWkzo,UgyVdG5pCunWwlrrs554AaABAg,@류채희-n4x,크으 므시따므시써,2,2021-07-26T13:34:48Z
UzntzuUWkzo,UgxkvelesWpOUJDmIxl4AaABAg,@최은찬-j7l,눈물 난다 진짜,3,2021-07-24T06:44:55Z
UzntzuUWkzo,Ugw9FCZS_23RDWCNuGt4AaABAg,@borisom88,이건 주기적으로 봐줘야 되거등여!! 👍🏻 멋진영상 만들어준 구 슼튜브 현 쓱튜브 칭찬해!!!!👏🏻👏🏻👏🏻👏🏻👏🏻,9,2021-07-23T14:24:00Z
UzntzuUWkzo,UgyxFlPQfaVpqt9mEBJ4AaABAg,@개망자,Sk팬도 슥 팬도 아닌데 이건 진짜 자주보러옴 진짜 명작이다,3,2021-07-22T05:32:29Z
UzntzuUWkzo,UgzAHkAUS1U_x_PMgwR4AaABAg,@joonjb1560,대부분의 에이스가 마지막 순간에 공을 던지고 싶어하고 우승투수라는 타이틀을 갖고 싶어서 조금은 급하게 승부하다가 홈런맞고 실패하는 경우가 많은데 6차전은 그런 에이스 징크스를 광현이가 깨버린경기,2,2021-07-20T18:03:44Z
UzntzuUWkzo,UgwDNOcy5leb59We4Qp4AaABAg,@Polarrrr519,ㄱㄴㄱㄴ,3,2021-07-20T05:10:57Z
UzntzuUWkzo,UgwdxF3imrsUDfNzsDd4AaABAg,@maneekim,2018/5차전,0,2021-07-14T03:21:53Z
UzntzuUWkzo,UgxenQXAZcnQTKkg__N4AaABAg,@base9242,올해도 가을야구 했으면 좋겠다…. 그땐 저렇게 관중들 꽉꽉 채우고 했으면 진짜 좋겠다!!!,4,2021-07-11T04:13:26Z
UzntzuUWkzo,UgzBdHvi1Iy67cCQ-WV4AaABAg,@빵빵빵빵-jl,또 보러 왔거든요 ♡♡♡,1,2021-07-09T18:54:26Z
UzntzuUWkzo,UgyN6Qf25lJ1wP48AFN4AaABAg,@리엘-h4b,힘없을때 이거보면 벅차서 의욕뿜뿜ㅋㅋ 시간지나도 몇번을 봐도 안질리는 영상..,2,2021-07-09T04:06:44Z
UzntzuUWkzo,UgylPAgBygGASWYaGRF4AaABAg,@zzzzz2226,아직도 보러온다 ㅎㅎ,1,2021-07-08T15:38:22Z
UzntzuUWkzo,Ugw4eJnZ6h0U2_g_d494AaABAg,@mongguyi1619,"지금 선발진 1,2선발, 감독님 메이져에서 활약 자랑스럽습니다.",1,2021-07-08T12:54:39Z
UzntzuUWkzo,UgxfRkCEwnL6Z9Y_RVx4AaABAg,@HJ-le,다시 봐도 울컥하네,7,2021-06-30T06:47:09Z
UzntzuUWkzo,UgwL1SnXKbyICFqcslV4AaABAg,@차재민-x2f,와 진짜 몸에 닭살이 계속...와..,3,2021-06-26T07:46:23Z
UzntzuUWkzo,UgzHtFaz-83KCdM1xpl4AaABAg,@user-dt6ur7gr1f,저 두팬입니다 이때 광현 선수가 삼진을 잡고 손을 들었을때 저 울었습니다ㅠㅜ,2,2021-06-25T15:48:38Z
UzntzuUWkzo,UgwxZtFbI__FUEzXigR4AaABAg,@어떻게할까요,15:46,3,2021-06-25T08:43:54Z
UzntzuUWkzo,Ugyg027oMa3-XaZFXch4AaABAg,@hyunxwoos,6:13,2,2021-06-24T01:07:44Z
UzntzuUWkzo,UgwMhfhQnEst5vrLlx94AaABAg,@goldseong8751,동미니칸 없었으면...,3,2021-06-22T10:43:18Z
UzntzuUWkzo,UgyyLqNRvQLZ-y2AxXt4AaABAg,@채연-k8b,이영상은 뭐랄까 선수들의 진심이 너무 느껴져서 매년봐도 눈물나는... 영상임 ㅠ,4,2021-06-22T07:41:17Z
UzntzuUWkzo,Ugy6Z1cpM1hBkzk87s14AaABAg,@bsw8357cr_crane,난 이때 끝난줄 알았는데  이겨서 깜놀 이건 SK SSG랜더스 팬들 한탠 진짜 고마운 우승이다,5,2021-06-19T04:34:04Z
UzntzuUWkzo,Ugwype5hMaBTgK7RpFB4AaABAg,@girokerlee,백만스무번째 보는데도 소름돋고 재밌고 행복하다...,3,2021-06-13T15:52:36Z
UzntzuUWkzo,UgxCBPpxhDNUPVsurKF4AaABAg,@라텍스-k1r,하..... 이제는 추억이네.....,2,2021-06-10T11:46:52Z
UzntzuUWkzo,Ugz1xTULD3g0tFIk1Lh4AaABAg,@2오소리,이젠 두팀다없네..,3,2021-06-09T16:49:34Z
UzntzuUWkzo,Ugx5k9RFDNG31a8_yhd4AaABAg,@chicj0,"2007,8,9,10 언제인지 모르겠는데 2시즌 정도 SK와이번스가 최강이었다고 하던데 국가대표에도 SK와이번스 선수들이 주축이었다고 하고",2,2021-06-08T08:41:27Z
UzntzuUWkzo,UgyGPalzxKJwz6yBHbV4AaABAg,@이름없음-f1t9h,김강민 홈런쳤을때 타구 바라보는거 진짜 너무 멋있다,6,2021-06-08T07:33:48Z
UzntzuUWkzo,UgxV84LXXEuq2rggcs54AaABAg,@Ojakgyo,16:07 진짜 조오오올라 멋있다 ㅋㅋㅋㅋㅋㅋㅋㅋ미쳤다,135,2021-06-02T17:02:41Z
UzntzuUWkzo,UgxjWgrct06lLJYc8q14AaABAg,@판다를판다-d3b,지금 봐도 김광현이 선발때는 타자들이 득점을 못한게 어이가 없네,1,2021-06-01T04:43:49Z
UzntzuUWkzo,UgwsMzDqgtXtBOWLV9B4AaABAg,@지댓글은삭제하고무식,부상만 아니라면 2021도 데자뷰 나올듯 한데 부상이 ㅜㅜ 다치지 말고 부활하길ssg,5,2021-05-31T02:31:59Z
UzntzuUWkzo,UgxyirP0OEyCEJb9oyt4AaABAg,@룬틴-p2d,37:11 이건 언제봐도 소름;;;;,9,2021-05-30T02:58:47Z
UzntzuUWkzo,Ugxqz_EpZqGnOz-i0gB4AaABAg,@rysojin5514,자 이제 2021년 버전 나올때 됐다!!! 가자가자 랜더스!!!!!♡♡,13,2021-05-29T01:12:37Z
UzntzuUWkzo,UgxfiPYVVaKwr2ZzukJ4AaABAg,@메가피피피자자,진짜 최고였다..,4,2021-05-24T12:38:40Z
UzntzuUWkzo,UgxdH_xEf8_WqI9OcP94AaABAg,@Jason2001.,이제 SSG 랜더스로 한국시리즈 우승까지 도전!,5,2021-05-19T05:28:40Z
UzntzuUWkzo,UgyXBsv_LqIXo-tSvu14AaABAg,@yyq2597,이제 다시보니 왕조후에 sk이름달고 한번이라도 더 우승해서 정말 다행이다싶다,6,2021-05-18T07:02:50Z
UzntzuUWkzo,Ugzf_0zV-PUeUVwULTV4AaABAg,@스누피-v1r,그립다,4,2021-05-17T15:25:01Z
UzntzuUWkzo,Ugzh_XwkvKXJxKm3XcZ4AaABAg,@린이-c6o,영화로 만들어주세여 ㅠ,4,2021-05-16T16:26:39Z
UzntzuUWkzo,Ugw7Ti19vnshV5mg_Bt4AaABAg,@린이-c6o,33:45 (ﾟ∀ﾟ),9,2021-05-16T16:15:15Z
UzntzuUWkzo,Ugxi63EDZHtZPmkp8Qh4AaABAg,@승찬-u6b,난 9회말 최정선수가 홈런칠때 울음 ㅠ,6,2021-05-16T13:29:54Z
UzntzuUWkzo,UgzPDKESdeRL34F1Cop4AaABAg,@roblox_kiel1832,ssg 랜더스 올해도 우승 가능 할거같다! 4년 전이지만 감덩(오타 아님!!),5,2021-05-12T07:54:56Z
UzntzuUWkzo,Ugyd7RdzDFFOWeJs72x4AaABAg,@hjc3566,언제봐도 진짜 18년은 전설임...,4,2021-05-11T16:54:34Z
UzntzuUWkzo,Ugxf-UBsNryFLm0frVF4AaABAg,,17:19 정우영 레전드 샤우팅ㄷㄷ,36,2021-05-08T13:09:29Z
UzntzuUWkzo,Ugw1GHiIG_U-jknF-Mx4AaABAg,@choi_312,올가을에는 다들 마스크 벗고 문학에서 한국시리즈를 봤으면 좋겠습니다. 랜더스 화이팅!,4,2021-05-07T13:03:29Z
UzntzuUWkzo,UgwzRXugtaHJzLaU4M94AaABAg,@esteban9864,힐만 감독님 돌아오신다했죠..?그 약속 꼭 지키세요 기다릴게요..,4,2021-05-04T22:13:22Z
UzntzuUWkzo,UgzuSKNRzrUk5y8-FB14AaABAg,@dlwltn4810,하지만.. 그이후로는.....,3,2021-05-02T19:30:36Z
UzntzuUWkzo,UgyKOCH8xf7u0xPKmut4AaABAg,@Ciclradayo,"잊지 못하고 또 이 새벽에 와서 이걸 다시 돌려보고.. 믿겠습니다 이제는 SSG가 된 나의 구단, 다시 날게 되기를ㅠ..",7,2021-05-02T18:14:41Z
UzntzuUWkzo,UgzNIcgxxCcZBJHMy714AaABAg,@sdksoa,2:23속마음(제발 환화가올라와라  아ㅅㅂ 히어로즈야 지겠다 ),1,2021-04-25T07:19:49Z
UzntzuUWkzo,Ugy05l1R4LaTFWNAJ0h4AaABAg,@방구석프로듀서,그 쓱튜브님 이영상은 안내려도 됩니까??,1,2021-04-24T17:13:15Z
UzntzuUWkzo,UgyZyTVaR1rVxSsu9pZ4AaABAg,@shehasatendencytothinktoomuch,아휴 몰라 사랑해,3,2021-04-23T16:08:08Z
UzntzuUWkzo,UgzLpQtPNAdLlIsfF_N4AaABAg,@tj-cq2gl,지금은 현재 SSG 랜더스이지만 우리에 SK 와이번스 정말 강한 팀이였습니다  우리 SK 와이번스 현재는 SSG 랜더스 그때 우리에 기억...,2,2021-04-22T10:11:44Z
UzntzuUWkzo,UgyaPY-YDvhysW2Q4FF4AaABAg,@jinchuujeong1617,"울컥 .. 꿈같은 시간들
못하고 싶은 선수들 절대 없죠 응원합니다",4,2021-04-16T14:41:27Z
UzntzuUWkzo,UgxinIq92W4Vt61aK0l4AaABAg,@yyq2597,"최정, 김광현 이 둘이 왜 슼의 간판인지 난 팬이면서도 온전히 믿지못했다 V1~V3까지 sk야구를 못봐서 그런가 내가 보던때는 팀이 침체됐을때라 잘하던 선수도 삐끗하던걸 너무많이봤고 그런게 야구였고 그게 묘미니까..  그치만 이렇게 큰 경기는 왜 저 두 선수가 스타인지 증명할수밖에없는 최선을 다하는 경기라 믿음을 저버리지않더라 솔직히 후회스럽다 6차전때 내가 조금더 믿음을 가지고 응원했으면 더 벅차지않았을까 ㅋㅋㅋ 최정 홈런칠때 짐싸고있지말걸...ㅋㅋㅋ 광현 나올때 기도하는게 아니라 나도 아 김광현이니까 이겼다 라고 생각할걸ㅋㅋ 뭐그런생각들...  다음에도 우승순간이 또 왔으면",4,2021-04-15T20:33:13Z
UzntzuUWkzo,Ugz_r2PE2lU0np4oj8V4AaABAg,@뉴진스의토마토개구리,운다 울어 ㅠㅠㅠㅠㅠㅠ,6,2021-04-14T01:54:14Z
UzntzuUWkzo,UgxoWrAxYiV1VG_Kz_x4AaABAg,@xbox878,또눈물나 ㅜㅜ,3,2021-04-08T15:39:30Z
UzntzuUWkzo,UgxHRDy20vRTOXb5qZJ4AaABAg,@안녕그대로걸어가-v4g,언제봐도 저때 벅찬 감동도 감동인데 저렇게 관중 꽉꽉 찬 것도 너무 그립다,8,2021-04-07T06:50:05Z
UzntzuUWkzo,UgwILh6__73_DQ6UMRF4AaABAg,@김유민-i7y7i,그때를 추억하며 보는중인데 아직도 소름이 쫘악ㅎ팬으로 이번첫경기도 홈런빵빵ㅎ 기대됩니다 이번시즌 ssg화이팅!,11,2021-04-05T18:17:31Z
UzntzuUWkzo,UgwZUv-rVZ54hLyDys94AaABAg,@왕창,Sk의 마지막 유산,7,2021-03-27T12:13:13Z
UzntzuUWkzo,UgwPaKJU9fw5_N-OD554AaABAg,@innokim6177,삼팬인데 이거 자꾸 보러옴,4,2021-03-27T04:19:38Z
UzntzuUWkzo,UgwDkSd4pS6hX5o-iwl4AaABAg,@everybodydose,나지완의 한국시리즈 끝내기 이후로 김광현의 송진가루 흩날리는 역투 씬은 영화처럼 기억에 남을 거 같음. 7차전 각에서 최정이 친거도 그렇고 시리즈와서 잠잠하던 한동민이 친거도 다 너무나 임팩트 있는 순간들임.,5,2021-03-24T14:39:52Z
UzntzuUWkzo,UgxurCwo0-3-MJEy54l4AaABAg,@firstcome001,"2010년 교실에서 야자하면서 라디오로 몰래 한국시리즈 중계듣던 고3이 어느덧 30살이 되었습니다.. 비록 염XX가 SK의 마지막 역사를 개판쳐놓고 갔지만 이제는 SSG 랜더스라는 이름으로 새로운 역사를 함께 써나갈 것을 기대합니다.
- 응원가 듣다가 울컥해서 보러 온 팬-",7,2021-03-23T02:43:58Z
UzntzuUWkzo,UgyPvsPDUsw3iBms2Wp4AaABAg,@유용준-w8e,SK와 함께해 영광이였습니다,3,2021-03-21T11:48:44Z
UzntzuUWkzo,UgxkB_k4q_QwS2gdWKF4AaABAg,@길가다가,지금은SK이가살라졌지마우리마음운령원헙니다사랑합니다SK,4,2021-03-20T04:32:34Z
UzntzuUWkzo,UgzR588GcLZxYXAJonB4AaABAg,@황진수-p5o,다시봐도 슼전드,3,2021-03-19T13:37:09Z
UzntzuUWkzo,Ugw8wK5y-FG_w_-NyR94AaABAg,@AA-dk5cw,40:12 공이 ssg들어왔네,7,2021-03-19T03:58:03Z
UzntzuUWkzo,UgwWxxKWy1B2OLn-cLZ4AaABAg,@user-un4hw3ox4x,추형님이랑 함께 다시 만들어 봅시다,5,2021-03-18T14:59:10Z
UzntzuUWkzo,Ugy4t7OYtejgPI2dkx94AaABAg,@코펜하겐-l3g,"이제 sk와이번스의 시간은 끝났고 이 영상이 sk와이번스의 마지막 우승이지만 우리는 다시 SSG와 함께 랜더스란 이름으로 인천에서의 기적을 만들 수 있습니다

07년도 김광현 선수의 다이나믹한 폼에 반해 12살에 팬이 되어 어느덧 26살의 취준생이 되었습니다

그동안 너무 감사했습니다 SK와이번스
언젠간 다시 한번 좋은 모습으로 만나길 기대하겠습니다",5,2021-03-08T01:38:23Z
UzntzuUWkzo,UgxBTo9iI2XStCBlA-14AaABAg,@이유랑-f9e,SSG 랜더스로 바뀌고 보러온 사람 손,17,2021-03-07T14:06:10Z
UzntzuUWkzo,UgzSIDSC15qNwjOa0hB4AaABAg,@KiMrAsL,SK 준내 사랑했다...................,9,2021-03-07T10:34:52Z
UzntzuUWkzo,UgxXzXxseRuzvxRI4Vt4AaABAg,@례됴,"알고리즘..ㄷㄷ 
랜더스로 가더라도 와이번스는 영원히 기억할겁니다..!! 이 영상보고 쓱뽕 충전완료!!!! 
그동안 고마웠다 SK..
Goodbye Wyverns...
SSG랜더스 화이팅!!",6,2021-03-07T08:38:02Z
UzntzuUWkzo,Ugxt-ZqNmI83tLQFNK54AaABAg,@꼬깨비,랜더스로 확정나고 슼뽕을 추억하러 왔어요 그동안 sk팬으로서 너무 행복했고 고마웠습니다 앞으로 신세계를 달고 다시 한번 좋은 추억 만들어 봅시다!!,4,2021-03-06T20:47:29Z
UzntzuUWkzo,Ugzl7oauPDJjbD3Lqx14AaABAg,@나현-m9q,"또 보러왔어요 언제나 봐도 감동.. 
마지막으로 진짜 안녕 SK와이번스",0,2021-03-05T17:08:13Z
UzntzuUWkzo,UgwF508fpiLE2TNRJ-p4AaABAg,@I_love_kaede_kayano,채널명 바뀌고 찾아오신 분,3,2021-03-05T16:04:43Z
UzntzuUWkzo,Ugzrs1EA6_BeRlwn8B14AaABAg,@ot_s-diary,광현이형...154km 진짜 팔빠져라 던진거다...대단하다 형 메쟈에서도 성공하자!!,3,2021-03-05T13:32:19Z
UzntzuUWkzo,UgyCMcAdNdwPVeq1MGl4AaABAg,@김태형-e7w7s,SSG랜더스 왕조,3,2021-03-05T09:24:55Z
UzntzuUWkzo,Ugw7FsoGTkGDQlLF6Jx4AaABAg,@greatst8834,2021년에 보러오신분? 슼뽕땜에 잠을못자겠음...,7,2021-03-01T16:29:47Z
UzntzuUWkzo,Ugw0GuIPyghMBV58n7N4AaABAg,@rerorehu,정말 매력적인 팀이야 이번 시즌 잘해주길,11,2021-03-01T09:35:54Z
UzntzuUWkzo,UgzrAofDaBQF2DdBeqV4AaABAg,@오삼불고기-u6s,하..두산...그래도 2019년 정규시즌 우승ㅋㅋㅋ,1,2021-03-01T07:48:56Z
UzntzuUWkzo,UgymC9xzLmB8HRydwfJ4AaABAg,@seankwak8903,이제 이 영상은 역사로 남을 거라서 저장하러 왔습니다... 당신들은 나에게 영웅이기에 구단 매각과 상관없이 끝까지 응원할께요. 우리팀 2021년 올해 꼭 우승하세요!!! 사랑합니다.,250,2021-03-01T00:56:21Z
UzntzuUWkzo,UgzrQ2rMNaafMi8YnnJ4AaABAg,@wolfgang33333,영상 맨 마지막에 나오는 외국여자보컬 bgm 음악 제목 아시는 분 있나요?,2,2021-02-23T19:17:17Z
UzntzuUWkzo,UgyPMYO2oaLz6Iuaeyd4AaABAg,@yessgrae,고맙습니다 이런 우승을 경험하게 해주셔서,4,2021-02-22T13:53:43Z
UzntzuUWkzo,Ugx7XSX04JrWRIDAylF4AaABAg,@sollolight,SK가 매각한데서 보러온사람 손,2,2021-02-20T09:54:47Z
UzntzuUWkzo,UgxAEH5bmBF2TEzDJlp4AaABAg,@tjsdnr9597,마지막 sk 우승 그 순간을 KK와 ... ㅎ,3,2021-02-18T19:28:54Z
UzntzuUWkzo,UgxUVgw7tiyKZvzhApV4AaABAg,@아이언드래곤-q8h,V4로 끝,1,2021-02-15T08:58:08Z
UzntzuUWkzo,Ugy2VBM3ZUJSITkO6Ih4AaABAg,@virarveltilloftarasa2299,"우승이고 뭐고 저렇게 꽉 들어찬 경기장에서 응원이라도 했으면 좋겠네요
언제쯤 다시 저런 생활을 누릴 수 있을지..",4,2021-02-13T13:38:30Z
UzntzuUWkzo,Ugy-kSEl9A_YUdDeCU94AaABAg,@이태형-f6u,"20년 내 최고의 씨리즈였음
최고였음",1,2021-02-12T00:28:07Z
UzntzuUWkzo,UgwYUzfvBndeyBzDb4d4AaABAg,@jun-jj1re,"내 생에 처음으로 응원하던 팀 sk와이번스.....
2008년 우승때부터 쭉 응원했는데 우승하던 순간들이 모두 떠오르네요...ㅠㅠ
sk 와이번스라는 이름은 더 이상 못듣지만
와이번스라는 이름만은 영원하길 바래요...",3,2021-02-07T16:27:25Z
UzntzuUWkzo,UgwELBX5jhUedhkpiRB4AaABAg,@rose-oz4yp,2021년도에도 온 분~ 슼 기억해~ 어서와 쓱!!!,7,2021-02-06T04:45:43Z
UzntzuUWkzo,UgzxXJSQPcMfdh91sip4AaABAg,@terry_music,sk 와이번스가 추억으로 사라지기전 뽕 충전하러 왔다가 감동먹고 갑니다,2,2021-02-02T02:42:27Z
UzntzuUWkzo,Ugxyt1R7ARIDtQv0V4l4AaABAg,@Jeon12312,그동안 내가 응원하던 sk 잘가라.. ssg가 되어도 응원할게,5,2021-01-30T17:00:20Z
UzntzuUWkzo,UgyoM9S-s0sNYItbLDN4AaABAg,@qpqpqpqp11qpqpqp,이제 인천sk를 외칠수 없네...아쉽다 ㄹㅇ,2,2021-01-27T15:07:01Z
UzntzuUWkzo,UgxGBSrZMsUqe8AS7Kx4AaABAg,@RAPIDOMINO_,"이제는 SK 가 아니지만 그때를 기억하겠습니다
와이번스 화이팅",2,2021-01-26T08:21:45Z
UzntzuUWkzo,UgwKOWpGuAABpP_Jcad4AaABAg,@KDH0911,마지막우로 행복드림구장을 잊지않겠습니다,1,2021-01-26T07:55:54Z
UzntzuUWkzo,UgwMEneGHL6sEQMhR_Z4AaABAg,@templek4115,이런 sk이젠 볼 수 없네..,3,2021-01-26T06:46:01Z
UzntzuUWkzo,UgyzF2VRAGB5J6CNxid4AaABAg,@까르띠에-r8c,"2021년1월26일 오전7시14분 신세계의 SK와이번스 인수소식..인천에서20년간연고지로있어줘서 고마웠고,너무나도 행복했습니다. ...인천야구를 눈물나게 사랑하는 짠물팬이....",5,2021-01-25T22:20:29Z
UzntzuUWkzo,Ugxqr_2iuvVSD5TQ_5p4AaABAg,@user-st7ss6tj6c,SK와이번스의 마지막 한국시리즈이자 마지막 우승기록..  혹시 슼튜브 채널이 없어지더라도 이 영상은 어떻게든 남겨놔주실 수 있을까요..,158,2021-01-25T12:31:11Z
UzntzuUWkzo,UgyOn2dDkY4ysUkEs3x4AaABAg,@좋은하루-f7t,"이것이 sk와이번스라는 이름으로 뛰었던
sk와이번스 구단의 역사상 마지막 한국시리즈가 되었네요",31,2021-01-25T07:56:10Z
UzntzuUWkzo,UgyY-IOJ-eyarSC7Pp14AaABAg,@최은송-u8l,다시봐도 또 봐도 진짜 감사합니다ㅠㅠ❤️,1,2021-01-17T13:21:21Z
UzntzuUWkzo,UgwskX_lTe18nKRvZ8B4AaABAg,@이상우-o5u,2021년 있나욤,1,2021-01-17T10:09:28Z
UzntzuUWkzo,Ugwn_lO_w7MajQIOYkl4AaABAg,@코로나컷,20:20~20:38두산깃발;;;,6,2021-01-14T02:48:53Z
UzntzuUWkzo,Ugxl5IxZQiK7mRI7gKV4AaABAg,@minnroro,그립다 진짜....,2,2021-01-08T02:06:18Z
UzntzuUWkzo,Ugw_RsK-mrQtwfaFe5d4AaABAg,@niddonggo90cm,"슼 새롭게 바뀐 유니폼,모자,로고 그 뭉툭한 새끼가 뭔가 문제가 있음.다시 바꿔야함.날카로운흉기로 상대를 찌르던 슼이 그 날카로운 흉기가 없으니 아무것도 못하는 느낌.다시 날카로운 흉기를 되돌려놔라!",4,2021-01-07T07:53:56Z
UzntzuUWkzo,UgyLTY09RzGWxWFiGFN4AaABAg,@Iamchany,올해는 우승하자,2,2021-01-04T20:56:39Z
UzntzuUWkzo,UgwiXoSJMG0IMuPR9Ox4AaABAg,@kyonie._.,"2018 감동실화
2019 개아깝고
2020 ㄹㅇㅋㅋ
2021",1,2021-01-03T19:38:36Z
UzntzuUWkzo,UgwP-h6fBR1P66xVbkV4AaABAg,@user-vs7ov2om7g,"행복회로돌리러왔읍니다....
살다살다 9위 슼은 처음이라 거짓말같다구요...",5,2021-01-02T05:17:25Z
UzntzuUWkzo,Ugw91V6Wy2pMJ7GRgzN4AaABAg,@simjo9233,김광현 나가니 완전 좆밥 팀 !~ ㅋㅋㅋㅋ,0,2020-12-30T00:41:17Z
UzntzuUWkzo,UgyiqxypthHSkx7jhv54AaABAg,@simjo9233,"SK 는 쓰레기 왕조 제일 양아치 팀 ! 팀 베려 놨음 김성근 v4 !~ 젖까라 마이싱 ""~",1,2020-12-30T00:38:48Z
UzntzuUWkzo,UgyZCoYegas5BSWXb_54AaABAg,@엥-p7p,"35:37

슼주환👀",2,2020-12-28T12:36:28Z
UzntzuUWkzo,UgwyNGslgXhVDp9qg714AaABAg,@borisom88,진짜....2018년은 잊을수없는 해였어요..ㅠㅠ 한번더 그때의 기적을 꿈꾸며! 올해도 힘내자구요!!!!!,3,2020-12-26T15:08:56Z
UzntzuUWkzo,UgzJaqTCoeV9uhDR-oB4AaABAg,@Jun51120,"삼팬이지만 SK 응원했음 미라클 SK가자

9회말 최정홈런이 대박이었지

솔직히 07 08 09 도 그렇고 18년도도 두산이 SK이겨본적이없음
두팬이면 SK짜증날꺼같긴하다..",3,2020-12-22T04:06:52Z
UzntzuUWkzo,Ugyln48ooqA2rRo9fjN4AaABAg,@No_Exit_KangMina,두산이 2018우승못한것도 기적이다,2,2020-12-18T17:34:00Z
UzntzuUWkzo,UgxDLcY3TUO4hERo0r94AaABAg,@야구팬-i5t,그립다...,2,2020-12-18T08:47:11Z
UzntzuUWkzo,Ugw8zYMK10s9GISLL_p4AaABAg,@미토마우스,우울할때 살며시 꺼내서 다시본다. 사랑하는 인천 에스케이,3,2020-12-17T04:32:26Z
UzntzuUWkzo,Ugwyez88keJ9dN9a9814AaABAg,@gangnagang,"으아아앙
이영상만 자금 몇번보는거냐ㅠㅠ",3,2020-12-15T06:01:34Z
UzntzuUWkzo,UgxteC8bGzzL-SB2asx4AaABAg,@rawkim3537,저 무섭던 최주환이 이제 슼주환 ㅎㅎㅎ,2,2020-12-15T05:48:18Z
UzntzuUWkzo,Ugxb_GR2vnD0Bp_F_b14AaABAg,@bewoom1320,삼성팬이지만 이때 진짜 멋있었는데 광현이형 마무리ㄷㄷ,4,2020-12-14T13:58:28Z
UzntzuUWkzo,UgyjedndNHWIkFSpBuF4AaABAg,@김선우-i6b,"한국시리즈 6차전 직관갔던 두팬입니다.
영상 너무 재밌고 그때 한동민 선수와 최정 선수의 홈런을 목격한 저로써 그때의 불안감이 지금도 생각나고 sk팬분들의 응원도 기억나게 해주던 영상이네요",7,2020-12-12T10:10:53Z
UzntzuUWkzo,UgxFsBvdP5423EGtohl4AaABAg,@지환-e7e,진짜 김광현 전력투구하는거 타석에서 보고싶다,2,2020-12-11T11:41:29Z
UzntzuUWkzo,Ugx9tkzXReKXQ-hUwFt4AaABAg,@jeffporcaro4502,쿨타임차서 보러왔어요....,1,2020-12-11T07:28:54Z
UzntzuUWkzo,UgwjgDKA7cu1ld2uGuB4AaABAg,@김성진-h6w3j,2:09 가을야구 얘기하는데 한화가 나왔다는 거 에서 순간 뇌정지왔다,4,2020-12-09T08:21:17Z
UzntzuUWkzo,UgxtoPCQG-3s0wt6TZN4AaABAg,@강짱-l7g,기팬인데  슼이 진짜 팬서비스는 최고다!!!👍,4,2020-12-08T04:14:13Z
UzntzuUWkzo,UgxJHdHESAJ8HqennrN4AaABAg,@철희야처리해줘,"아직도 이거 볼때마다 소름돋고..힐만감독님 그리워 미치는줄 알았어요..올해가 내년부터는 김원형감독님인데 잘해줄거같아요 전보다는 켈리 산체스 선수도 그립구... 떠나간 몇 선수들도 그립습니다...언젠간 다시 선수들과 만나는것을 보고싶네요 다같이
sk팬된지 어언13년 인생의 절반이상을 썼는데 2018 V4가 제일 기억에 남는거같아요 진짜..좋은 기억이었습니다 인생최대로!",2,2020-12-07T12:26:33Z
UzntzuUWkzo,UgzsFZSTQF7lnvHYh454AaABAg,@pitcher8532,"타팀팬이지만, 한번씩 보러옵니다",2,2020-12-07T03:55:22Z
UzntzuUWkzo,UgzlKKZ--2or5sBk_iR4AaABAg,@pch5056,롯팬인 내가 봐도 개지렸네...ㄷㄷ,2,2020-12-03T17:30:04Z
UzntzuUWkzo,Ugw6mXLbIqpnQbQAkYh4AaABAg,@린이-c6o,22:14,1,2020-12-03T14:13:34Z
UzntzuUWkzo,UgyZgWsfGNg0TjzIR3F4AaABAg,@_d_6647,"엘)이거 어케이겼지...? 진짜 완전 실책하고 난리던데
근데 나는 상대팀이 아닌 타팀이 저런실책하면 좀 불쌍하더라 우리팀이 비춰지는거같아서",4,2020-12-01T00:52:49Z
UzntzuUWkzo,Ugzv_D9m9Ls0WE3VCeZ4AaABAg,@user-of2og1sh4s,어우두 어우두 거리고 다니다가 참교육 ㅋㅋㅋ,7,2020-11-30T12:15:56Z
UzntzuUWkzo,UgzS2k7IJBMdoOCbRrR4AaABAg,@베스널,저때 제가반지도둑입니다 흘때개웃겼는데 ㅋㅋㅋㅋㅋ 기아화이팅,2,2020-11-29T13:34:49Z
UzntzuUWkzo,UgyVb1DC8q21YLfGnad4AaABAg,@TV-ou4kq,지금은 ㅠㅠㅠㅠㅠㅠㅠㅠㅠㅠㅠㅠㅠㅠㅠㅠㅠㅠㅠㅠㅠㅠㅠㅠ,3,2020-11-27T01:58:00Z
UzntzuUWkzo,UgwQWWd7EJ7Wpahukql4AaABAg,@비룡당근,이런 팀을 단 2년만에 망가트린 돌경엽,7,2020-11-26T01:06:34Z
UzntzuUWkzo,UgyOKWU-4E1qTa54Ll14AaABAg,@예사랑-r4u,최항 살찐것같아요 화이팅,2,2020-11-24T20:28:08Z
UzntzuUWkzo,UgznVEtO3zzveMDxSG14AaABAg,@심심이-s4j,NC우승보고 2018 보고싶어서 다시봄,2,2020-11-24T15:19:46Z
UzntzuUWkzo,UgwaexL3x2t3PaKDL354AaABAg,@seo_bi98,요즘 야구볼맛 안나서 다시보는데 가슴이 웅장해진다,5,2020-11-24T07:32:57Z
UzntzuUWkzo,UgyqLQJ_7Mxm4TM_ciR4AaABAg,@알프레드마셜,엘팬인데 SK 왤케 멋있냐 기적같은 우승 너무 부럽네,5,2020-11-23T03:50:01Z
UzntzuUWkzo,Ugx8gLmmqXzCuCLWyCV4AaABAg,@양준서-e7e,이때가 그립다...,3,2020-11-21T13:18:54Z
UzntzuUWkzo,UgwU__CbmNXPRxW8xmx4AaABAg,@lsd1773,2년만에...,4,2020-11-21T11:13:03Z
UzntzuUWkzo,UgywlJoCbyrL09p7nv94AaABAg,@whereverstone,아직도 이거 보면 눈물난다 ㅋㅋㅋㅋㅋ,10,2020-11-20T06:43:49Z
UzntzuUWkzo,Ugxl_InyBFV9nPWxag94AaABAg,@아는햇님,2018 플레이오프 5차전...이걸 이기고 올라갔을때 이미 난 우승할거라고 예상함...다시봐도 뭉클 ㅜㅜ 한국시리즈 6차전도 그렇구요,7,2020-11-18T11:45:21Z
UzntzuUWkzo,UgxhBvmAYn23VAOEpdd4AaABAg,@SimonKYang,내 인생 최고의 경기~ 현장에 있어서 더욱 감동이였다,4,2020-11-18T10:14:44Z
UzntzuUWkzo,UgxFPFiu8sHDw2Ebbn94AaABAg,@dydwjd123,"망해도 3년 간다는데..
2년만에 탈탈 털리네..",4,2020-11-16T09:07:16Z
UzntzuUWkzo,UgxTNiiyJt26bB6pQeR4AaABAg,@최한길-u9f,두팬 손ㅋㅋ,1,2020-11-16T05:05:28Z
UzntzuUWkzo,UgyPFCoqbNJF4RATXrV4AaABAg,@최한길-u9f,42:46 노수광은 저때 어떻게 있었나요? 분명 부상으로 엔트리에 들지 못했었는데 아시는분 댓글좀 부탁드립니다,0,2020-11-16T05:01:53Z
UzntzuUWkzo,Ugxgy-cFOlQ7ZH6w6NV4AaABAg,@김예형-c4h,엘지는 언제 이런 영상 찍냐,2,2020-11-15T11:02:44Z
UzntzuUWkzo,UgxfEr2QkVea9INZgAp4AaABAg,@markjang3196,야구는 9회말 2아웃부터,4,2020-11-13T14:38:21Z
UzntzuUWkzo,UgwEeXjfCrakLkGvqPR4AaABAg,@howru032,가을야구 하는 거 보고 생각나서 또 왔어요. 내년 시즌 다시 도약해봅시다!!!,3,2020-11-13T13:27:12Z
UzntzuUWkzo,Ugz_z7IyvdKdxXFwEf54AaABAg,@joocyn74,17:17 ? 잠실을 향해? 역; 문학 구장인데 ㅋㅋㅋㅋㅋㅋㅋㅋㅋㅋㅋㅋㅋㅋㅋㅋㅋㅋㅋㅋㅋㅋㅋㅋㅋㅋㅋㅋㅋㅋㅋㅋㅋㅋㅋㅋ,1,2020-11-13T06:03:42Z
UzntzuUWkzo,Ugwb6U3iQwJzMTgbYup4AaABAg,@landersssg965,"2년전 오늘, 우리는 각본없는 드라마를 쓰고.. 기적같은 우승을 하고 해체했습니다.
내년에는 우리가 아는 SK와이번스로 돌아와주길 바랍니다",9,2020-11-12T05:32:44Z
UzntzuUWkzo,Ugxx0s7WKhb1PSj1A0p4AaABAg,@욘욤미,재밌다... 흥미진진하고..,3,2020-11-11T05:52:01Z
UzntzuUWkzo,UgwQqW94AGETvd2fmRJ4AaABAg,@체신-h8k,08년때부터 두산팬이었는데 sk 너무 밉다 ㅋㅋ,4,2020-11-10T14:34:08Z
UzntzuUWkzo,Ugz-4Y-5xgfX_AAfPlF4AaABAg,@no.5242,"9:10  
2루 슬라이딩 머냐 ㅈㄴ ㅈ같이 하네 ㅋㅋ",4,2020-11-04T05:10:09Z
UzntzuUWkzo,Ugyp3iX-UGkNdPZ0SI94AaABAg,@duddleseo,또 보러왔다.....보고싶다 sk v5,4,2020-11-03T17:39:15Z
UzntzuUWkzo,UgyeIM_UlwZhXli5d4Z4AaABAg,@cola_fanta,20년..지금은 왜 이럴까 그립읍니다,3,2020-11-03T10:00:21Z
UzntzuUWkzo,UgzQgQ4uxhUaFMqIqO94AaABAg,@ash08145,아직도 이거보면서 위로중,9,2020-11-03T08:18:28Z
UzntzuUWkzo,UgxvsoENUNosanzmj7Z4AaABAg,@ZeNith0306,20201103,2,2020-11-03T01:25:18Z
UzntzuUWkzo,UgxkcTr9GDu8c4K9EgV4AaABAg,@Ahn_Hyowon,이 씨발새끼들아 우승한지 몇년이나 됐다고 금새 좆망하냐?,3,2020-11-02T22:57:51Z
UzntzuUWkzo,UgzyBeFu69z5U6dZuWR4AaABAg,@쏘니-t5o,"아...마스크벗고 소리지르고싶다... 내년엔 꼭,,!",4,2020-11-01T15:23:39Z
UzntzuUWkzo,Ugx0wPgEr-RR5xAZzlZ4AaABAg,@쉰곤오-y7v,7:44 이순철 제발 조용히 좀 하지 맨날 샤우팅하기도 전에 김빠지게 “넘어갔어요” 이러고있어;;,0,2020-10-27T00:29:10Z
UzntzuUWkzo,UgzIq4wTmqOybiCVPQ54AaABAg,@최유기-c8y,"4번우승 다 KK가 있었네?
이젠 오래걸릴듯..",1,2020-10-24T21:26:45Z
UzntzuUWkzo,UgyfoQSIzAtqdZC1Je94AaABAg,@낙차큰커브-d9b,37:02 형 9회 초인데..?,4,2020-10-21T02:08:26Z
UzntzuUWkzo,UgzKuFFHRHlKlVAIQwt4AaABAg,@백경은-r8f,꼴랑 v4해놓고 왕조드립은~ㅎㅎㅎ,0,2020-10-17T09:36:45Z
UzntzuUWkzo,UgzbH4d0X3iBu7jHEdB4AaABAg,@haeyeon13,저도 갔음,2,2020-10-17T02:03:28Z
UzntzuUWkzo,UgyTNEjEJ_QzxdnH7K14AaABAg,@지우-w9y,"그립다,,,",4,2020-10-14T16:37:08Z
UzntzuUWkzo,UgwbAomRcWoIDvcjyLh4AaABAg,@홍천화-w3g,이건 그냥 각본있는 드라마!,2,2020-10-13T14:12:52Z
UzntzuUWkzo,UgyCRNjxu59_LvEX3y54AaABAg,@smoothing7222,진짜 ..이때 돌아오겠죠,2,2020-10-12T11:17:34Z
UzntzuUWkzo,UgwJh8l9-G1CHslU90J4AaABAg,@만재스키,지나가는 롯팬인데 정말 감동이네요 롯데도 언젠가는 저런날이 오겠죠,4,2020-10-12T10:39:48Z
UzntzuUWkzo,UgzJtK4KK1DJfPrYVwp4AaABAg,@sh542786,아직도 이때만 생각하면 가슴이 떨리고 감격스러운데...,2,2020-10-11T16:41:48Z
UzntzuUWkzo,UgzSLxdcfayWAlVbJXx4AaABAg,@토마토마톳,나 또 왔어 .....,2,2020-10-07T19:06:07Z
UzntzuUWkzo,Ugx8JYzjle689vgEIuZ4AaABAg,@호렁이-c7o,오늘 두산전 최정 끝내기홈런 보고 18우승뽕 맞으러 또 왔읍니다.... 내가 울고있나요¿ SK 9위인가요¿ 모두 거짓이겠죠?,3,2020-10-07T15:18:55Z
UzntzuUWkzo,UgySHT2rDJCwwvKmpcZ4AaABAg,@suhagadwe,엘팬인 친구따라 야구장갔다가 18년도부터 sk팬이 됐었는데 팬이 된 첫해에 우승을 해서 그냥 미쳐버렸었지ㅜㅜ 이때 이후로 sk한테 열정과 진심을 전부 쏟아버려서 처참히 망한 20시즌에도 그냥 묵묵히 응원하는중.. 이 영상 보니 진짜 그때의 기억이 새록새록하고 그 당시의 감동과 전율이 여전히 느껴지는 것 같다. 이랬던 와이번스가ㅠㅠㅠㅠ .. 힐만감독님 넘 그립읍니다 흑흑.... 내년에는 부디 올해의 암흑을 잊고 다시 반등할 수 있기를 바랍니다...,18,2020-10-04T10:49:02Z
UzntzuUWkzo,Ugy-pfIaISTJ4TANsr94AaABAg,@여비-p2f,이런팀을 염경엽은 바로... 염갈량?ㅋㅋㅋㅋㅋㅋ,6,2020-10-01T22:07:53Z
UzntzuUWkzo,Ugy6SI-IpoZmdmMwmmx4AaABAg,@b4t-d6u,"이 팀 어디로 갔나요?? ㅠㅠ 2,3년 내로 돌아올 수는 있지?? 빨리 돌아오자 글고 너무 그립다 언제다시 우승해보냐..... 이럴수록 작년이 진짜 아쉽고 또 아쉽다.....",0,2020-09-30T18:16:28Z
UzntzuUWkzo,UgwOjn8gsmEUbyCqKdB4AaABAg,@slash5051,근데 김광현 진짜 저 투구폼 안산공고 시절 07 박경완 볼배합때 보던 시절 오랜만에 본다... 그만큼 간절했구나,3,2020-09-26T06:53:04Z
UzntzuUWkzo,UgycTEKYIIBt58VlFqt4AaABAg,@園田海未-o3j,"롯데팬이면서 sk도좋아하는사람입니다...
비록 sk가 지금은 부진하고있지만 내년엔 반드시 반등할꺼라고 믿습니다....sk팬분들 힘내셔유...2021년도는 반드시 sk잘할껍니다.응원할께요!홧팅!",35,2020-09-24T02:27:50Z
UzntzuUWkzo,Ugy6cSx43R1BPspMs0p4AaABAg,@dnjswhcndjxkd,"딴 영상은 몰라도 이것만 보면 눈물샘이 수도꼭지라도 된 듯이 주륵주륵 넘친다 하,,, 슼 10연패해도 사랑한다",31,2020-09-21T17:52:20Z
UzntzuUWkzo,UgwgCQCWGmng4J1FiEx4AaABAg,@이지용-f1p,김강민 개간지네 ㅋㅋ,3,2020-09-19T17:29:56Z
UzntzuUWkzo,UgzQ0-7Nd9ImQJVvW_d4AaABAg,@brian365,다시너무보고싶습니다,5,2020-09-16T14:20:03Z
UzntzuUWkzo,UgzzjtikecyvjSqXIG54AaABAg,@이지훈-n4z3i,김광현 나오면 끝난거지.,1,2020-09-16T06:59:05Z
UzntzuUWkzo,UgxKix_mXQ0U_PhfNBZ4AaABAg,@리리-z5b,꼴지여도응원합니다 손흥민보다 와이번즈야순이가돼어버린아짐임당일본그딴건하지마삼내우리에겐1년이있다는감독님모든선수들응원해요 2018년에집에불이나서병원에오래있었어요바보가돼어버렸어작년거보면서웃고행복했어요건강챙기세요,0,2020-09-12T16:43:00Z
UzntzuUWkzo,UgwncECkdpMPBHklupN4AaABAg,@popo-nl7kc,3:56 시즌 홈런 3위가 부진이야? 우리는 어떤 분야든 탑3 들어가고 싶어하는데,1,2020-09-10T07:43:12Z
UzntzuUWkzo,UgwHzUJ8uqCFxGlvKct4AaABAg,@asdf-ql7wp,그리고 이 다큐멘터리영상과 2018년의 우승을 끝으로 SK와이번스는 해체되었다고한다,4,2020-09-09T04:22:57Z
UzntzuUWkzo,UgwdW-xmH785JOj0XBR4AaABAg,@슥삭슥삭-g8s,힐만감독님이 그립다,7,2020-09-08T20:36:11Z
UzntzuUWkzo,UgxtPFJ4TdTwIOn9ED94AaABAg,@firstcome001,하..............................................,4,2020-09-06T01:47:36Z
UzntzuUWkzo,UgyohVbbRBTy2fcQEl54AaABAg,@조형준-m7u,"참 이게 불과 2년전인데 새로운 단장,감독이 완전히 바꿔놓을줄은..",3,2020-09-05T17:42:27Z
UzntzuUWkzo,UgwJL3GOaPIaHwSYcOV4AaABAg,@nanacon2880,봐도 봐도 눈물난다 이자식들아ㅜㅜㅜㅜㅜ지금 뭐하니..ㅜㅜ,9,2020-09-05T14:48:14Z
UzntzuUWkzo,Ugw5LyVcUNrZ3YKvnI94AaABAg,@r_body,2년전 .............,5,2020-09-04T18:07:24Z
UzntzuUWkzo,UgyO4KW60-A4SSnXEb14AaABAg,@soo3187,이때로 제발 돌아와..,7,2020-09-02T15:51:10Z
UzntzuUWkzo,Ugzd_sVY4shlUfNFUBV4AaABAg,@Hans-lg2bv,광현이형 요즘 잘해서 다시보러온사람 손... 골드키위도보고싶고..,3,2020-09-02T12:25:24Z
UzntzuUWkzo,UgwpuBDEw8-NY1VD-1N4AaABAg,@sangwonseo,이랬던 SK가.. 후..,3,2020-09-02T12:24:48Z
UzntzuUWkzo,Ugw8F-G_3jPCX9Ro-0R4AaABAg,@SimonKYang,"힐만형, 김성갑 코치님 보고싶습니다~ㅠ,.ㅠ",2,2020-09-02T10:15:37Z
UzntzuUWkzo,Ugw7jIJhsSvSl_Lc5Lx4AaABAg,@이름-j6v3z,진짜 그립노 씨발,1,2020-09-01T11:58:32Z
UzntzuUWkzo,UgwbosFigf41kxXPtft4AaABAg,@이지윤-i3h,한국시리지첫경기때 두산이 이기고 있을때  교회형이 1경기이기면승율이 높은데하고약올리다가이겨서참교육함ㅋㅋ,1,2020-09-01T03:03:12Z
UzntzuUWkzo,UgyXW7iSPTCbp_i0_Tp4AaABAg,@Fimstars,30:55 KS 최정 첫 안타,2,2020-08-31T07:45:50Z
UzntzuUWkzo,UgzFaEkyblQNRw99fuV4AaABAg,@didici486,이거 보면 마음이 뜨거운데 현재 슼 보면 머리가 뜨거워지네 ㅎㅎㅎ,1,2020-08-31T07:44:54Z
UzntzuUWkzo,Ugzl1A8oOiIqGcJSDIJ4AaABAg,@yoond3080,34:54 양의지 뛰는거 왤캐 귀엽냐ㅋㅋㅋ,3,2020-08-31T00:53:08Z
UzntzuUWkzo,UgwjEmXgZzQ_S-Q2lqJ4AaABAg,@박우용-r3d,이 영상 나래이터가 누구인지 모르시는 분께 알려드릴게요. 나래이터는 정형석 성우입니다.,4,2020-08-30T15:50:27Z
UzntzuUWkzo,UgwnDlu4uMfrMm4UwlR4AaABAg,@kimite85,"내 인생에 자랑거리중 하나는 2018년 플레이오프 5차전을 직관했다는거.
김강민 동점포, 한동민 끝내기 터질때 정말 눈물날것 같았고. 집에 돌아가는 전철, 다음날에도 방송중계버전으로 그 장면들 다시 보면서 슼뽕에 차올랐던 그 날..",6,2020-08-29T12:00:10Z
UzntzuUWkzo,UgyK0hKGPDAEIzuYwW14AaABAg,@Fimstars,12:44 오류,2,2020-08-28T18:40:13Z
UzntzuUWkzo,UgzhCYztmqjvMqLAGGR4AaABAg,@박건-d3s,"이 맴버 그대로였다면 19,20시즌에도 우승 노려볼만 한데 망할놈에 염경엽 시발새끼가 힐만안잡고 지가 감독할라고 그래서 감독이 됬는데 성적이? 19시즌은 18시즌 분위기를 타서 그렇다치지만 20시즌 무엇ㅋㅋㅋㅋㅋㅋㅋㅋㅋㅋㅋㅋㅋㅋㅋㅋ",3,2020-08-28T14:08:58Z
UzntzuUWkzo,Ugyn35MWoMIZPgn2Muh4AaABAg,@yoonsia2405,이때 정영일 공 진짜 돌덩이였는데...그립습니다 ㅠㅠ,2,2020-08-28T06:45:52Z
UzntzuUWkzo,UgwpXl25rvHMe648q0d4AaABAg,@랜디-e7v,내가 17년도부터 야구좋아하기시작했는데 푹빠져서 18년도에 미쳐있었는데ㅋㅋㅋㄱㅋ,2,2020-08-21T13:39:16Z
UzntzuUWkzo,Ugw2Abiiopuo6ot-X694AaABAg,@kimjoonyeon5983,"LG팬인데 진짜 너무 부럽다, 나도 저런 우승할 때 벅찬 감정을 빨리 느껴보고 싶다...",7,2020-08-20T13:55:17Z
UzntzuUWkzo,UgzoObXTkvup5l78XPF4AaABAg,@user-br9mm4zp7v,도대체 무슨일이 있었던거야..,6,2020-08-19T08:19:44Z
UzntzuUWkzo,UgzNVkvEFQoizWtzc714AaABAg,@yojungmoa,이건 정말 기적이었지. 2020년에 이렇게 말아먹을 줄이야.. 요즘 정말 살 맛이 안 나. 코로나로 집에만 처박혀있는데 슼놈들 야구보면 복장 터지고. 아 옛날이어 하며 우승 영상만 오조오억번 본다. 염경엽 손차훈 프런트 다 갈아 엎자. 이기는 야구 보고싶다.,6,2020-08-16T09:23:53Z
-dEvifuXalg,UgwzxqchDOX_fIZiQDx4AaABAg,@james-fk2mp,오타니 라이벌 ㅋㅋㅋㅋㅋㅋㅋㅋㅋㅋ,0,2024-11-26T13:06:17Z
-dEvifuXalg,Ugz10Uk30ca0KuxNfWN4AaABAg,@09tgfl81,"이건욱 과녁에 빨려들어가는볼 보세요
누구라도 알아본다
지원좀해줘라 이선수",1,2024-09-16T12:39:45Z
-dEvifuXalg,UgwOl80i_GP6lf84ecp4AaABAg,@09tgfl81,역시 야구는 직구다,0,2024-09-16T11:59:18Z
-dEvifuXalg,Ugy2bSp0gwnud_V2fZB4AaABAg,@09tgfl81,과녁에 꽂히는 총알처럼 던지네 미쳤네,0,2024-09-16T11:56:25Z
-dEvifuXalg,UgwyUvPzqkz1LhWEJoF4AaABAg,@09tgfl81,순간 가속때문에 슉 소리나네,0,2024-09-16T11:25:46Z
-dEvifuXalg,Ugz4Mly4GTq92l6us4Z4AaABAg,@장하늘-q1y,불펜에서 피칭할때처럼만 아니 이 공에 70%만 던져도 충분히 1년 내내 SSG 선발로테이션 도는거 가능함... 문제는 시합만 되면 이런 공이 안나온다는거...,0,2024-09-06T16:06:32Z
-dEvifuXalg,UgyaH8bL8kzM9wI0WBx4AaABAg,@그랜드타임스퀘어,오타니를 이긴 남자,2,2024-08-26T01:38:34Z
-dEvifuXalg,Ugz0JSYjNC01nu6diI94AaABAg,@ohnamlim8663,제발...,1,2024-08-15T03:12:57Z
-dEvifuXalg,UgytZZffcErn5eOVYWB4AaABAg,@leewind-f8o,진짜 나올 때마다 꾸준하게 못하는 것도 힘듦; 이게 재능이지,4,2024-08-10T12:27:28Z
-dEvifuXalg,UgyM4ZI1V-fwHe-vbVl4AaABAg,@310jang,조회수로 계약금값은 했다 이제 좀 나가라,2,2024-08-04T15:47:52Z
-dEvifuXalg,Ugy5GtyzSyGoJy9WRBB4AaABAg,@KokotdakKoko,ㄹㅇ 누가 뽑았노 ㅋㅋㅋㅋㅋㅋㅋㅋ,18,2024-05-28T19:21:33Z
-dEvifuXalg,UgzsoChQIF0ncFo5BD54AaABAg,@angobalmok,몇년이 지났는데 아직도 유망주냐 이제 나가라 좀,5,2024-05-21T10:55:15Z
-dEvifuXalg,UgzvwpFLrfkfd7b8atV4AaABAg,@탄-j6s,아 제발 ㅋㅋㅋ좀 쓰지마 제발 뭐야 제발,6,2024-05-21T10:42:09Z
-dEvifuXalg,UgzcosgjacAEgIhla-V4AaABAg,@robbingbuger,스트라이크가 쇼케로 들림 ㅋㅋ,0,2024-05-04T00:33:05Z
-dEvifuXalg,UgxSuhaq0NR5qmv3My14AaABAg,@인생한방-l8d,오타니 라이벌은 커녕..,0,2024-04-23T04:39:48Z
-dEvifuXalg,UgwSONRhEFv8nuhTEV54AaABAg,@고준용-b2i,뭔 쇼케? 도라이니?,0,2024-02-15T13:20:33Z
-dEvifuXalg,UgxvNDu1vpr1gASG7oZ4AaABAg,@주여원-r3c,"또왔다
파이팅
오늘처럼...",8,2023-09-05T13:32:58Z
-dEvifuXalg,UgyBxVyYHauDXB-jLYl4AaABAg,@햄토리-e2f,건욱이 그래도 올해가 제일 성적이 낫네..,0,2023-09-03T18:44:12Z
-dEvifuXalg,UgwYxeWnEbkR100ZbFh4AaABAg,@amazing6784,오늘 나왔어...  오늘 졌어도 응원하게되네..,0,2023-07-27T14:38:34Z
-dEvifuXalg,Ugy-ACK11COu3uSH5eh4AaABAg,@ksi27351ksi,난 아직.. 이 영상을 보러와....,10,2023-06-26T05:37:15Z
-dEvifuXalg,Ugyc94MCswTbo79e2Md4AaABAg,@조조조-b1u,오늘 두번째 투수로 나왔는데 제구가 안돼.....ㅠ,0,2023-06-25T09:49:16Z
-dEvifuXalg,Ugy4C3eEEATljOsblcV4AaABAg,@귤선생님-k9m,"오랜만에 1군 선발 등판,,, 알고리즘,,,,,, 쇼케에,,,,",3,2023-05-12T03:35:49Z
-dEvifuXalg,Ugw_1PAyWxzEnWhsxud4AaABAg,@박유용-e7s,포수형님 저랑 똑같치 하시넹ㅎㅎ,0,2023-05-11T04:54:04Z
-dEvifuXalg,UgyPK8-u2Aam-6w2Uyl4AaABAg,@성환-x2z,그럼 뭐하냐 실전에선 제구안되는 투같새인걸 치킨집이나 해라,1,2023-05-10T10:06:25Z
-dEvifuXalg,UgyZ7zAcO1xTAH_k7wd4AaABAg,@윤또잉-l5i,이건욱 선발승 제발!,2,2023-05-10T09:00:50Z
-dEvifuXalg,UgxLhLTdzafFwDlQ8kJ4AaABAg,@gyus3478,제발 오늘 이렇게만..!,0,2023-05-10T07:58:29Z
-dEvifuXalg,UgxqW7y_ogWaCrbhG6x4AaABAg,@relwom3881,2023.5.10 기아전 승리 투수 되면 삭발함,1,2023-05-10T07:58:16Z
-dEvifuXalg,Ugx4m_y8AjuLQsyiAap4AaABAg,@JHS0628,제발 오늘 잘해라 이건욱ㅠㅠㅠㅠ,1,2023-05-10T07:20:40Z
-dEvifuXalg,UgyLxbxPyc1MckED0gt4AaABAg,@user-ln3eb4vf6l,"오늘 선발이길래 오랜만에 찾아왔다 
느낌이 쎄한게 방출전 마지막 기회 같기도 하고 어쨋든 오늘 경기 잘 좀 부탁한다",2,2023-05-10T05:13:26Z
-dEvifuXalg,Ugyrpeg_eCeRNgqOwJ54AaABAg,@sungone17,ㅠㅠ,0,2023-05-10T03:14:31Z
-dEvifuXalg,UgypldIIC_p_-vHxlvh4AaABAg,@sk-li1yg,내일 잘하자 ㅜ,0,2023-05-09T16:25:18Z
-dEvifuXalg,Ugznw3QdbHVSbc1NxKx4AaABAg,@user-fx7ml8bm6h,건욱아 내일 되겠냐?,1,2023-05-09T15:07:21Z
-dEvifuXalg,Ugz-yDMKbbsL6yvD_Wp4AaABAg,@worldlikenovel,내일 잘하자 제발,0,2023-05-09T13:19:27Z
-dEvifuXalg,UgzA1CHh9NVijmtmxLV4AaABAg,@1q2e3e4r5t,건욱아 제발좀 터지자 요새 불펜 분위기 좋더라 이건욱도 터질때 됐다,1,2023-05-06T18:03:50Z
-dEvifuXalg,UgwU1ybBwssXyQXYcEd4AaABAg,@삼각함수-u2s,내일 나오나??진짜 잘했으면 좋겠다 이제 주전 먹어야지 이번에 못잡으면 앞으로는 1군에서 진짜 보기 힘들듯.........제발 잘해줬으면,0,2023-05-06T10:26:02Z
-dEvifuXalg,UgyNCCf9Drn0DRI6rEJ4AaABAg,@카디널스33김광현,"매년 터져줬으면 좋겠다고 생각했지만 결국 팬들 속만 터진 오타니 라이벌ㅠ
한참 뒤 후배들도 다 터지는데 왜 넌 안되는거니..",2,2023-05-05T16:53:08Z
-dEvifuXalg,Ugy6EqmmPWKvvA79iyN4AaABAg,@삽질의황제,이제 터질때된거 아니냐?,3,2023-03-17T22:33:49Z
-dEvifuXalg,UgxMJ1Fd4g_qVPy78Jx4AaABAg,@310jang,어떻게 유튜브가 커하 ㅋㅋ,3,2023-02-11T02:56:44Z
-dEvifuXalg,Ugx5zOP1xHv5UwQsrWZ4AaABAg,@yyq2597,영상 조회수가 2위네이게...,2,2022-11-27T05:47:29Z
-dEvifuXalg,Ugwi_PyM0M_CGXapRIB4AaABAg,@Johnnyq4882,얘 누군데 이런공을 던짐? 개지려버리네,1,2022-11-02T18:24:26Z
-dEvifuXalg,UgyUrnBbG-08gVHvrXh4AaABAg,@tajiritv8,쇼케좌 근황좀,3,2022-10-26T10:14:00Z
-dEvifuXalg,Ugw8Svi0xN7wADGKTUd4AaABAg,@Orca88888,이게 커리어하이라니,2,2022-10-09T15:38:22Z
-dEvifuXalg,Ugx01SiNbPtjmm4ewNh4AaABAg,@정화김-u7u,건욱이 어디감?,2,2022-09-19T12:45:49Z
-dEvifuXalg,UgwEe5_MB4LyaV_ov6V4AaABAg,@모펜-y2o,허웅 포수 진짜 미트질 너무 예쁘다. 👍 투수가 던질맛 날듯...,1,2022-08-20T12:46:38Z
-dEvifuXalg,UgzsvbiMYvvDeHRTLQ94AaABAg,@armorking3218,포수누구야ㅋㅋ 나도 저사람이랑 하면 110퍼센트나오것네,3,2022-08-16T05:21:54Z
-dEvifuXalg,UgyIqmTHwwJQsUbjPYZ4AaABAg,@hoxy7602,"고교시절 오타니에게 판정승을 챙긴 남자..
 kt에 빼앗기지 않아서 정말 다행이였던 남자.. 
다른 팀에게 빼앗기기 싫어 임의탈퇴를 했던 남자.. 
그리고 이 영상이 커리어 최대 업적이 남자.. 
건욱아 난 아직도 너가 펙질을 해도 마운드에서 뚱한 표정을 지어도 언젠간 터질 거라고 믿는다.
언젠가 너가 이팀 1군에서 자리 잡게 되면 사려고 랜더스 유니폼도 아직 안 샀다. 
기다릴게 2군에서 몸 잘 만들고 건강히 와 파이팅",175,2022-08-06T14:31:27Z
-dEvifuXalg,UgxK5U59IP0p3Unpbqx4AaABAg,@안녕그대로걸어가-v4g,이 선수는 이제 이 세상에 없어ㅋㅋㅋㅋ,5,2022-06-21T13:13:44Z
-dEvifuXalg,Ugx2Eh2U_GH8UHwdm4Z4AaABAg,@chaq3218,"아휴...
2022년 6월21일 vs두산 선발 3이닝 2피안타 4볼넷 3자책",3,2022-06-21T10:43:48Z
-dEvifuXalg,UgwGLTuhVmnkhvdlwit4AaABAg,@iiiia2136,랜더스 최고 인기영상의 주인공... 건욱코인 언제 떡상하나요 ㅠㅠ,1,2022-06-19T16:47:27Z
-dEvifuXalg,UgyRMYSts9yXZcmqZUR4AaABAg,@hippo0219,요즘 뭐하세오 ………,3,2022-06-05T13:15:57Z
-dEvifuXalg,UgwAtXoEoNPmzp4rEYF4AaABAg,@user-vs7ov2om7g,"불발탄....진기코인은 상장폐지했는데
건욱코인 아직타도되는거니....?",3,2022-04-29T13:36:22Z
-dEvifuXalg,Ugzyd8uooy7WXv5Jenh4AaABAg,@라파나-w8i,볼때마다 화나네,5,2022-04-22T11:24:19Z
-dEvifuXalg,UgwQjGYLR7eJuh7dlhB4AaABAg,@mmmmllll8960,볼이 이렇게 좋은데…,0,2022-04-20T08:32:24Z
-dEvifuXalg,Ugz3i4cEPXdaA74rLjt4AaABAg,@순신님,이분요즘뭐하심?,1,2022-04-13T15:01:17Z
-dEvifuXalg,Ugz7ZVKLFSBtE2iYHnp4AaABAg,@j-h5g,건욱아…,1,2022-04-07T15:28:53Z
-dEvifuXalg,UgzPNw2rpkSn1LZS4-Z4AaABAg,@Cccc11123,진짜 아픈 손가락...,5,2022-04-04T18:33:49Z
-dEvifuXalg,UgyGag1rZ81M2ySlx6F4AaABAg,@新鮮的肝-m4w,155,1,2022-03-21T07:48:13Z
-dEvifuXalg,UgyZ6mBVmrrZDxxZf9x4AaABAg,@sollolight,몇년전 댓글이랑 요즘 댓글이랑 겁나 달라 ㅋㅋㅋㅋㅋ,1,2022-03-17T11:08:24Z
-dEvifuXalg,Ugxg48q8JRTNISEe8WN4AaABAg,@user-yu2bq1gy5w,건욱아 얼른보자,2,2022-03-12T09:35:01Z
-dEvifuXalg,UgwIuATFocu84ibZLSR4AaABAg,@llillilliillilli,0:34 예! 잘보고 있습니다!ㅋㅋㅋ,4,2022-03-12T02:23:50Z
-dEvifuXalg,Ugxnxzz8KLgRFyXPXNl4AaABAg,@크아앙-o8r,석주는 모하냐,0,2021-11-20T13:27:45Z
-dEvifuXalg,UgzHN_xKObR-SoLQwNh4AaABAg,@개딘뚜,애는 볼이 이렇게 좋은데 도대체 왜.;,65,2021-10-13T22:14:55Z
-dEvifuXalg,UgxMZTYjysS02vk5lTN4AaABAg,@slugger_jichan,오타니 쇼케 치면 이거나옴,2,2021-09-28T04:10:16Z
-dEvifuXalg,UgxDH72Dv_Ts9LzdSfR4AaABAg,@GeunilSeok,포수 이름 기억안나서 쇼케 치니까 나오네 ㅋㅋㅋㅋ,1,2021-09-23T09:43:21Z
-dEvifuXalg,UgwQsnWEgwH2pQulIdJ4AaABAg,@안녕-f7r7t,이게 이건욱이지!!!,3,2021-09-08T07:41:24Z
-dEvifuXalg,UgwrQA-i3D_w9uepHAZ4AaABAg,@fintale1524,이건 왜 자꾸 뜨는걸까..,3,2021-08-19T05:26:39Z
-dEvifuXalg,UgzGmzVWn5Zugf4d7AV4AaABAg,@iiiia2136,이젠 살아나자!!,1,2021-08-05T14:30:46Z
-dEvifuXalg,Ugxl-s5zsUYfR04dAUd4AaABAg,@BHP-j3o,왜자꾸 26살되고 볼만넣는데... 아니... 오타니라이벌이이렇게못해도 되는교,3,2021-08-03T10:53:31Z
-dEvifuXalg,UgyNwX7PwF96bFF-sxp4AaABAg,@JJUANI73,이건 오버핸드 스로잉인가요,1,2021-08-01T06:23:47Z
-dEvifuXalg,UgzVDtaDMH-6C6B7duV4AaABAg,@sally_briize,건욱아 보고싶다 언제 1군오니? ㅠㅠㅠ,1,2021-07-23T15:59:41Z
-dEvifuXalg,UgyXKcCwHCv1TpwXD_F4AaABAg,@hjlee1811,쇼케같은 소리하고 자빠졌네 뭐라는건지ㅋㅋㅋㅋ,2,2021-07-23T01:24:14Z
-dEvifuXalg,UgyIl4VYcK0YldVMMB14AaABAg,@김민재-x2i3r,그래서 어디감,0,2021-07-15T00:35:38Z
-dEvifuXalg,UgwYSMKobFBe1aDlgc14AaABAg,@a민석-s9n,오타니 라이벌ㅋㅋㅋㅋㅋㅋㅋㅋㅋㅋㅋㅋㅋㅋㅋㅋㅋㅋㅋㅋㅋㅋㅋㅋㅋㅋㅋㅋㅋㅋㅋㅋㅋㅋㅋㅋㅋㅋㅋㅋㅋㅋㅋㅋㅋㅋㅋㅋㅋㅋㅋㅋㅋㅋㅋㅋㅋㅋㅋㅋㅋㅋㅋㅋㅋㅋㅋㅋㅋㅋㅋㅋㅋㅋㅋㅋㅋㅋㅋㅋㅋ,1,2021-07-13T01:58:15Z
-dEvifuXalg,Ugz9s-yATKW55ddVNrB4AaABAg,@서장원-t4s,왜또떴지,1,2021-07-09T14:26:24Z
-dEvifuXalg,UgzmhiMSOZAERxLp3-d4AaABAg,@란티스0405,건욱이형 1군으로 돌아와ㅠㅠ,1,2021-07-08T06:39:58Z
-dEvifuXalg,UgzEZ8JFUo3ekfqgdrt4AaABAg,@자전거책,지금은 어디서 뭐하...ㄴ,0,2021-07-07T15:49:15Z
-dEvifuXalg,UgzjqvnodyL5K_AGfZV4AaABAg,@a16-n3o,건욱아 돌아와,3,2021-07-01T20:49:34Z
-dEvifuXalg,UgyuDIH_eKyy3uw9y3Z4AaABAg,@lgdongyeon,맨탈 강화! 앞으로 흥한다! 무조건 응원합니다^^,3,2021-06-13T13:09:05Z
-dEvifuXalg,UgxCf6E0qLaoyrdgl8R4AaABAg,@cdy0930,왜 실전에선..넣지 못하니..ㅠㅠ,122,2021-05-24T09:27:39Z
-dEvifuXalg,UgxtY5_8PF5n0twaCux4AaABAg,@윤태현-h8s,역시우리허웅포수님,2,2021-05-18T01:14:41Z
-dEvifuXalg,Ugz1bNTRo-TRmv6nL6Z4AaABAg,@hang-e9q,팔스윙 존나 유연하다 ㄹㅇ 진짜,2,2021-05-17T11:44:18Z
-dEvifuXalg,UgyFvQJZGX8rMXJGiId4AaABAg,@june5867,제구를 잡자.,11,2021-05-08T12:36:46Z
-dEvifuXalg,UgwRm5eK0kCQ7J2C7sN4AaABAg,@김연우-q8y2t,오오오ㅗ옹 랜더쓱,1,2021-05-08T12:29:47Z
-dEvifuXalg,Ugxwuyg2NdAwgiLXmLF4AaABAg,@minnroro,구위가 좋음 뭐해 제구가 안되는데 ㅋㅋ,15,2021-05-04T13:27:48Z
-dEvifuXalg,UgwfrrtaexTWtGh6y-B4AaABAg,@jy6084,볼건욱,6,2021-05-04T02:55:07Z
-dEvifuXalg,UgywD_O0H-jwZt-A3pN4AaABAg,@이상욱-s9n,쇼케 치니깐 나오네ㅋㅋ,2,2021-04-27T04:59:37Z
-dEvifuXalg,UgzwnSlp1xQ-0PMpe0F4AaABAg,@아우-u3z,근데 왜 이번시즌 방어율12일까ㅋㅋ 오타니 라이벌은머얔ㅋㅋㅋ,1,2021-04-22T13:08:00Z
-dEvifuXalg,Ugz6JijFqXulJVAjVFd4AaABAg,@resonateB,와 이때 구속 몇 나왔나요? ㄷㄷ,1,2021-04-12T05:51:29Z
-dEvifuXalg,UgwJgmFDn4CVXgteWl14AaABAg,@choi._.shoots,볼이 옛날이 더 좋은거 같다..?,15,2021-04-12T04:42:17Z
-dEvifuXalg,UgzH8zGzE-c9bIZ7r3Z4AaABAg,@Dembaba0527,오늘 지리더라 건욱아 ㅋㅋ,0,2021-04-09T22:02:55Z
-dEvifuXalg,UgyQJNMSbU-JAlUWXk54AaABAg,@Ace-ht1is,이 영상은 봐도봐도 질리지가 않는구만 ㅋㅋㅋ,5,2021-02-07T21:08:56Z
-dEvifuXalg,UgyC-XlG1Q8a4x3jB1d4AaABAg,@아이언맨-j2d,"저렇게 던져도
프로에서 맞음",0,2021-01-30T14:36:33Z
-dEvifuXalg,Ugylpq0iAAjqRtubme14AaABAg,@MOON-qo7xw,와... 공 소리봐..,0,2021-01-21T02:13:23Z
-dEvifuXalg,UgzObeMSfDh7aurzfWh4AaABAg,@박솔-z2i,포수가 더멋지네,1,2020-12-31T18:45:17Z
-dEvifuXalg,Ugzcuxds9GXbWTr7Ogx4AaABAg,@Kyle_.o5-8,쑈케케케애애애,3,2020-12-21T06:38:49Z
-dEvifuXalg,Ugwvn41nZ100zasib6l4AaABAg,@이호수-c3h,포수분 진짜 맛깔나게 해주신다...저러면 투수도 더 좋은피칭이 나올수밖에없지,2,2020-12-20T11:06:41Z
-dEvifuXalg,Ugz915rjon55SEVcUoB4AaABAg,@christopher-yi7fz,이건욱은 앞으로 대 선수가 될듯 하네요.,2,2020-12-05T07:11:45Z
-dEvifuXalg,Ugwnp1oI8gq77o-leqZ4AaABAg,@park-b8p,1:24까지 직구 오짐,65,2020-12-05T04:05:54Z
-dEvifuXalg,UgzzjTF0pearC_lE2Op4AaABAg,@두찌-c1r,이거 누가 쇼케 소리가 쇼핑하다가 케이크 먹는거란 말 2년만에 생각나서 다시 들어왔음 ㅋㅋ,2,2020-12-01T12:41:35Z
-dEvifuXalg,UgzRndSjmQKN46kK43p4AaABAg,@아이언맨-j2d,"이렇게 던져도
상위팀 타자들은 쳐낸다",0,2020-11-30T20:40:48Z
3yZfN74MtVU,Ugya46qKiuUuvA9Fa_h4AaABAg,@심정아-t7p,박지환 화이팅,0,2025-04-23T05:32:12Z
3yZfN74MtVU,UgxrgQzh6KPFkfj6UXV4AaABAg,@릴루루RILULU,으쓱이대 투수들 눈싸움 열자구요 ㅋㅋㅋㅋㅋㅋ,0,2025-04-07T07:29:04Z
3yZfN74MtVU,UgybB77A6f9vOUDbrf14AaABAg,@김혜인-t6w,문학은 탁구장,0,2025-04-03T03:57:51Z
3yZfN74MtVU,UgycYGsLz-jyLns3zvx4AaABAg,@호잉호호,ㅋㅋㅋㅋㅋㅋㅋ내가이길거같은데..?,0,2025-04-01T15:23:05Z
3yZfN74MtVU,UgyqhoMJu92X6f9XgBR4AaABAg,@sunko3962,송구가 안돼네ㅋㅋㅋ,0,2025-03-29T04:57:44Z
3yZfN74MtVU,UgwzNVk3YSshceEj2nB4AaABAg,@MijiArchive,지환이 투수 안하길 잘했다,0,2025-02-07T01:26:08Z
3yZfN74MtVU,UgyGZVvTwYy1ZPnGyZt4AaABAg,@Jaime-jl7sl,ㅋㅋㅋㅋㅋㅋ 쓱튜븤ㅋㅋㅋㅋㅋ 본인이 더 잘할 것 같다곸ㅋㅋㅋㅋㅋㅋㅋ,0,2025-01-31T13:29:42Z
3yZfN74MtVU,UgzkZnTcG4nd_ctaDoN4AaABAg,@cony8202,이제돔구장가면 하고싶어도 못해,0,2025-01-30T03:21:04Z
3yZfN74MtVU,UgwdJ_n8oGYsS10YECp4AaABAg,@보고계신다_삼성lions,야구장에 저렇게 눈이 쌓이는구나...신기해😮,5,2025-01-23T11:11:59Z
3yZfN74MtVU,Ugx5hOLMWnEEMESHn0N4AaABAg,@스포츠쇼츠-j8f,릴스 제목 : ssg가 6등한이유,0,2025-01-20T13:00:47Z
3yZfN74MtVU,UgwJv1WmyxYWjDm_Ckp4AaABAg,@아무아도,눈싸움을 해도 될 거같은데...,1,2025-01-20T11:33:34Z
3yZfN74MtVU,Ugyh8W9S3jwOQPMp23l4AaABAg,@MrJoedh,눈덩이 크기 점점 작아져 ㅋㅋ,1,2025-01-19T15:55:28Z
3yZfN74MtVU,Ugz1RwEpwMi4KWsI4qh4AaABAg,@ShadySlim-n7c,이분은 야구선수 아니죠?,0,2025-01-11T08:37:13Z
3yZfN74MtVU,UgzBbq8IL7SI4MYV-QR4AaABAg,@Imkyl7jb,조회수봐라ㅋㅋㅋㅋㅋㅋㅋ,0,2025-01-10T09:06:04Z
3yZfN74MtVU,UgxOG9whuzWMy1YeBLN4AaABAg,@진-n8x1e,선수예요?😮,1,2025-01-09T07:44:51Z
3yZfN74MtVU,Ugzrv1WHNRoX-LvLOGJ4AaABAg,@현준-u4s,야구선수 ㅈ밥인데? 함 해보실? ㅋㅋㅋㅋㅋㅋㅋ,0,2025-01-08T16:40:30Z
3yZfN74MtVU,UgxLMSWgNYj1S1pNWuB4AaABAg,@코안에케챱,그래 넌 야구하지마라,0,2025-01-08T01:52:32Z
3yZfN74MtVU,UgxcF5zCfMpcZtMsncF4AaABAg,@nezko632,일반인이 죽을까봐  작은게 그의 배려입니다,5,2025-01-06T14:25:47Z
3yZfN74MtVU,UgyJrsMDgKdBlE6950x4AaABAg,@user-up5en4mh3u,그냥 하자..,0,2025-01-04T13:57:52Z
3yZfN74MtVU,Ugyvx-aWyW7RfwSKHhl4AaABAg,@kukuripingpong,맞추지도 못하네 ㄴㅇㅅ!!,0,2025-01-04T06:15:11Z
3yZfN74MtVU,UgwBQvXqEsEtNcqo-rl4AaABAg,@lion_shit,ㅋㅋㅋ 일반인입니다 눈싸움 한다이 마!! 뜨겁게!! 시원하게 !!,0,2025-01-04T01:51:30Z
3yZfN74MtVU,Ugz4HbyvjFZ_l9aqdIp4AaABAg,@임어니밈,아니왜 앞치마 입은건대 ㅋㅋㅋㅋ,0,2025-01-03T07:00:29Z
3yZfN74MtVU,UgyypE_I4P3ka70C5wd4AaABAg,@봄봄-i6l,"눈이 뭉칠만큼 오네요
부럽따아",1,2025-01-02T12:55:47Z
3yZfN74MtVU,Ugz8SYD3LgCLqyVJfbl4AaABAg,@Hongsik-No,눈을 크게 뭉치세요,0,2025-01-02T07:12:58Z
3yZfN74MtVU,Ugx_Ys2ZLXOApOGQK7V4AaABAg,@user-gggggfff,눈덩이가 너무 작음,0,2025-01-01T20:31:36Z
3yZfN74MtVU,UgwNiZANvnD0Y2Xcd554AaABAg,@captainkid22,야 뜨자,0,2025-01-01T18:07:32Z
3yZfN74MtVU,Ugwq_i9wii3bP1_SRuZ4AaABAg,@달빗_DALBIT,피하지 않아도 안 맞기 때문이다,2,2025-01-01T15:26:14Z
3yZfN74MtVU,UgxdQ_uZR_qKUO1aGZh4AaABAg,@Sssss_yy,저선수이름이뭐죠??🥹,0,2025-01-01T06:26:13Z
3yZfN74MtVU,UgxpfKoZbJKj4TIPI-Z4AaABAg,@한나장-r9e,타자 아니신가요?,0,2025-01-01T06:23:07Z
3yZfN74MtVU,UgyNUPeDyUJZKFBCGUV4AaABAg,@gil_iy,야구장에서 다같이 눈싸움하는 이벤트해줬으면,1,2025-01-01T02:47:21Z
3yZfN74MtVU,Ugz6ZJCeJaogELielAp4AaABAg,@12yoonee37,너무 순박하고 인간적인 모습 보기좋네,5,2025-01-01T02:26:18Z
3yZfN74MtVU,UgxiM-Z5X0mHZBcQiot4AaABAg,@멀봐빙신아,그래서 이 사람이 누군데?,0,2024-12-31T23:30:21Z
3yZfN74MtVU,Ugy13pomchOhIRD0PMh4AaABAg,@Kkamang1tm,피하려고 뛰다가 맞는 그런건가,0,2024-12-30T02:51:30Z
3yZfN74MtVU,UgxK4eTeQiKYdUX32Rt4AaABAg,@user-ln3eb4vf6l,옆에서 곰대리 잔소리 개웃기네ㅋㅋ,1,2024-12-29T12:45:16Z
3yZfN74MtVU,UgzotUdGMwTpQ1aV0sB4AaABAg,@주말오후-v8n,이런다고 내가 해줄거 같아!?,0,2024-12-29T09:04:13Z
3yZfN74MtVU,Ugyrcwoir6jjOAPGnKl4AaABAg,@김동현-g8o9s,하면할수록 손이 빨개져요 ㅋㅋㅋㅋ,1,2024-12-29T04:14:04Z
3yZfN74MtVU,UgzulBR5LVSNsXAEidR4AaABAg,@BisterbeastYouTuberFan,최강기아,1,2024-12-28T17:49:40Z
3yZfN74MtVU,UgxjVBgOgERx3DllT-d4AaABAg,@이재원-c4o4q,이거 영상 팀별로 만듭시다 가장 제구 안되는 팀이랑 눈싸움하기 ㅋㅋㅋㅋㅋ,1,2024-12-28T11:19:12Z
3yZfN74MtVU,UgxcA6rHb0tvkTIoXOJ4AaABAg,@개-v2w,개모하네,0,2024-12-28T09:35:28Z
3yZfN74MtVU,UgwNaOvPVOlvbSpwSOt4AaABAg,@park_jiwon0320,???: 어 뭔가 잘못됫는데,0,2024-12-28T08:35:37Z
3yZfN74MtVU,UgxACQdrMRYEkDXQL3h4AaABAg,@77rich13,"ㅋㅋ진짜 프로들은 무리안하네
릴스뜨는사람들은 사실상 야구안하는 비프로 야구선출이죠",1,2024-12-28T08:27:59Z
3yZfN74MtVU,UgxrPtyP8oUpPsG61cl4AaABAg,@KokotdakKoko,문학 좀 열어 프런트사무실에 던지게~,1,2024-12-28T08:14:49Z
3yZfN74MtVU,Ugz6if82Qp4E03qo36J4AaABAg,@라이언빠,덤벼!,0,2024-12-28T07:34:01Z
3yZfN74MtVU,UgwvyD1LYS71xplzX-l4AaABAg,@rescue707,야구선수가 선수냐 ㅋ,0,2024-12-28T06:38:49Z
3yZfN74MtVU,UgyCX27reAB3_s5ximl4AaABAg,@Gomgom_hee,호락호락한 바보같아여 커엽따,1,2024-12-27T16:33:37Z
3yZfN74MtVU,UgyzUNo2xr_taS8i1It4AaABAg,@윤영선-p2i,눈 크게 만들어서 야구공 크기정도 만들면되지 않을까요?,0,2024-12-27T09:56:55Z
3yZfN74MtVU,UgwBhsqcgs-XWeKRN0N4AaABAg,@khoon114,이런건 김광현 한테..,0,2024-12-27T02:49:52Z
3yZfN74MtVU,Ugy-Q3RZSMwKe_mpxtl4AaABAg,@조조조-b1u,박성한 왜케 귀엽냐ㅋ,1,2024-12-26T13:51:13Z
3yZfN74MtVU,UgwAI8YuXKLRsikh1xN4AaABAg,@asdfghjkl03677,이로운선수 던지면 잘할거 같아여,0,2024-12-26T04:02:53Z
3yZfN74MtVU,UgyrSChTw-z7lbEeC5p4AaABAg,@hotayo10,비시즌에 지환씨 보니까 괜히 기분 좋네요 ㅋㅋㅋㅋㅋㅋ 쓱 선수분들도 해피연말 되셨기를🥰,7,2024-12-25T12:55:46Z
3yZfN74MtVU,Ugy-oVzqNL7RWKznei94AaABAg,@윤희-j9f,"도라이랑 눈싸움 하면 안되는이유
(주섬주섬 눈 안에 돌을넣으며)",0,2024-12-25T03:21:47Z
3yZfN74MtVU,UgwmTQkVRyVWBLRHzU54AaABAg,@nox13230,세번째인가 던지고 나서 빡 소리나는데?ㄷㄷ,0,2024-12-23T17:17:09Z
3yZfN74MtVU,UgwB--WE-m38WponzJN4AaABAg,@贵超,지환아 투수가 아니라 쳐도 1루수 가슴팍에는 던져야 될거 아니냐,0,2024-12-23T03:25:12Z
3yZfN74MtVU,UgxygPtAwBjkYZSiG594AaABAg,@으이-h2p,"그냥 합시다
눈싸움",1,2024-12-17T14:23:45Z
3yZfN74MtVU,Ugxd0nJYx-PGBt003Sp4AaABAg,@Dosori0djdjf,한국 야구선수 수준임,0,2024-12-17T11:33:34Z
3yZfN74MtVU,Ugy1dq9oflpcTtGr6oR4AaABAg,@정창균-q1m,봤는데 적어요,0,2024-12-17T06:43:55Z
3yZfN74MtVU,UgxiHIj18Hhf6bUvP394AaABAg,@정창균-q1m,소리가 안 나면. 눈을 많이 뭉치세요,0,2024-12-17T06:43:48Z
3yZfN74MtVU,UgwPW_tN1taLXuX3GKh4AaABAg,@김느느수기봉,못한다,0,2024-12-16T13:14:07Z
3yZfN74MtVU,UgwnGoMLNudZ7Vh_scB4AaABAg,@user-ql8qu5om3w,눈이 점점 얼음으로 변해가넼ㅋㅋ,0,2024-12-15T01:09:13Z
3yZfN74MtVU,Ugy5lXEn--8zWdxhowh4AaABAg,@chokobi0522,투수로키우자,0,2024-12-13T02:58:34Z
3yZfN74MtVU,UgwqNg5xAFy3l_mKdVJ4AaABAg,@anastasia69746,거진 샷건,0,2024-12-10T07:22:50Z
3yZfN74MtVU,UgzZZAhaJsuJ17LARLN4AaABAg,@태윤-q8b,옆 모습보고 황희찬인줄 알았다 ㅋㅋ,2,2024-12-07T10:07:39Z
3yZfN74MtVU,UgxESSX6EwFhcxd7qK94AaABAg,@grandpawhatisit,하 성한 왜케 귀여워 쫑알쫑알,1,2024-12-06T13:45:13Z
3yZfN74MtVU,UgxnS92REKr7PaJmB7d4AaABAg,@yuirm91,성한선수 던지는거 보고싶지만 이미 녹아버린 눈들😂😂,1,2024-12-05T23:23:15Z
3yZfN74MtVU,UgxkzjvjLMT6EU91XkF4AaABAg,@오뉴-p9j,성한이 잔소리 투수조게임때 로운이한테 하던느낌 🤣🤣ㅎㅎ,1,2024-12-05T14:45:24Z
3yZfN74MtVU,UgxoSlHl2TII-yJ7-2V4AaABAg,@권민우-x4i,아직 민지전에 빠져있는 골유박,0,2024-12-05T14:01:16Z
3yZfN74MtVU,Ugxcts2uJc28rleQrGF4AaABAg,@함렘하트으쓰기,애기 화니야 나랑 하자!!!! 눈싸움 ( with 골유박 잔소리 ),1,2024-12-05T10:38:38Z
3yZfN74MtVU,UgyxBSv6LD1y5L0uAHB4AaABAg,@천원-j4p,눈을 네모안에 넣어,0,2024-12-05T09:39:42Z
3yZfN74MtVU,UgxH2nN2fMRHdelFLrd4AaABAg,@v2u8p,곰유박 웃겨 아주,1,2024-12-05T05:24:03Z
3yZfN74MtVU,UgwCCaWue1KL4HiiOP54AaABAg,@v2u8p,귀여운 녀석들,1,2024-12-05T05:23:52Z
3yZfN74MtVU,UgxZsG7N3_IUfqBDNSh4AaABAg,@휘래루,우리 우주 잘생겼다 🧡🧡 잘 준비해서 내년 시즌에 보자 🧡🧡 우주가 최고야!!!,1,2024-12-05T03:25:46Z
3yZfN74MtVU,UgwEiUjRj5vCcKGFq7V4AaABAg,@츄츄츄리-i1o,나는 눈 깜빡이면 안되는 눈싸움인 줄 알았잖아 지환아😂,1,2024-12-05T03:13:56Z
3yZfN74MtVU,UgxmRoB1F3uojfwNsKR4AaABAg,@ehrud220,ㅋㅋㅋㅋㅋㅋ,0,2024-12-05T03:11:49Z
3yZfN74MtVU,UgzSfWKbqv2Etd1Zx1R4AaABAg,@user-vf3wz7qi3g,박성한ㅋㅋㅋ 너무좋아 깨알같은 피쳐링❤,8,2024-12-05T02:55:58Z
3yZfN74MtVU,Ugz0By1pPtk-8TWLfQt4AaABAg,@Doitdoitseul,ㅋㅋㅋㅋㅋㅋㅋㅋㅋㅋㅋㅋㅋ킹유박 잔소리 진짴ㅌㅌㅌㅌㅋ킹받네ㅠㅠ,5,2024-12-04T22:53:29Z
3yZfN74MtVU,UgzVYarb5OVinQML2oB4AaABAg,@Happyhappyhappyh,야 이러면 눈싸움 해도 되잖아 이러네ㅋㅋㅋㅋㅋㅋㅋㅋㅋㅋㅋㅋㅋㅋㅋㅋㅋㅋㅋㅋ아웃기다,89,2024-12-04T22:33:57Z
3yZfN74MtVU,UgyEx4baIQRwiyzbhCp4AaABAg,@hyemiyang5262,오기전에 눈뭉치가 뽀사짐 개꿀ㅋㅋㅋㅋ,1,2024-12-04T22:01:00Z
3yZfN74MtVU,Ugy8F4vghSF_0B3k13t4AaABAg,@BongNi-j1e,우리 귀요미,1,2024-12-04T21:12:01Z
3yZfN74MtVU,UgxgizMBk2dxKu6SGKt4AaABAg,@harrulight,넌… 타자잖아,0,2024-12-04T15:31:40Z
3yZfN74MtVU,Ugxfjoo7EMtnuS01EtF4AaABAg,@쓱누피,하. 하하. 하하하.,0,2024-12-04T15:04:18Z
3yZfN74MtVU,UgwS5ueo-m_ir2gzuqZ4AaABAg,@YY-ig9gk,이거보고 문학 구장 들어갔다 ㅋㅋㅋㅋㅋ,0,2024-12-04T14:57:14Z
3yZfN74MtVU,UgzR5Gy4Qs_mJlD7ZwR4AaABAg,@lyozaky001,ㅋㅋㅋㅋㅋㅋㅋㅋ 담엔 투수조들 섭외하는거로..,6,2024-12-04T14:35:23Z
3yZfN74MtVU,UgwxCnC0Sy6ct9Saqut4AaABAg,@eagles_to_autumn,최유박 악플개낌 ㅠㅠㅠㅋㅋㅋㅋㅋ,0,2024-12-04T14:17:26Z
3yZfN74MtVU,UgxNnxf9DLnpjDqCxP94AaABAg,@jongbeomjeong,문학열고 한판붙죠😂😊,2,2024-12-04T14:04:19Z
3yZfN74MtVU,UgxwlOk6-wGC0DRt23x4AaABAg,@bon.8615,ㅋㅋㅋㅋㅋㅋ 옆에서 한마디씩 거드는 곰유박ㅋㅋㅋㅋ 어린이 왤케 귀엽나요 ㅋㅋㅋㅋㅋㅋㅋㅋ,123,2024-12-04T13:46:44Z
3yZfN74MtVU,Ugzj-HHXR0y8CzIhBiV4AaABAg,@길똥이엄마,영상보다 음성에 빠진다 박성한 매력❤미쳣다,9,2024-12-04T13:29:11Z
3yZfN74MtVU,Ugyds3wfRNy8SFP_xfl4AaABAg,@이정윤-r6i,앤더슨모셔와.,0,2024-12-04T13:26:45Z
3yZfN74MtVU,UgweJ5IXwkkcgEAtpiN4AaABAg,@SSFGMNN_VXVV7,그거 손으로 눈을 녹게 만들면 잘 돼요,0,2024-12-04T13:09:53Z
3yZfN74MtVU,UgxfCwWhvO85xmqC57d4AaABAg,@강호영-y5t,그래서 어디 소속인데,0,2024-12-04T13:06:07Z
3yZfN74MtVU,UgyCyBYIZVhjvidI9154AaABAg,@bebebebeya,ㅋㅋㅋㅋㅋ 나랑 붙자!!!,0,2024-12-04T13:04:10Z
3yZfN74MtVU,Ugx346BO1Iko18S0jxJ4AaABAg,@ii4573,진짜 악력때매 눈이 부서짐 ㅋㅋㅋ,1,2024-12-04T12:59:54Z
3yZfN74MtVU,UgyoWNkskId5DF6WoXt4AaABAg,@lovely2mika,"박지환이랑 👀 눈싸움 하면 안되는이유!! 
보자마자  바로 반함 😊",6,2024-12-04T12:52:41Z
3yZfN74MtVU,UgxT1iTBe0HJLZ0FgxR4AaABAg,@Tv-iv6cr,어머나 마지막 ……,1,2024-12-04T12:39:05Z
3yZfN74MtVU,Ugwf-1satuI8rfLAvVF4AaABAg,@landylanders,프로악플러 이태양에서 박성한까지 .. 효천고 악플러 계보 😂😂,14,2024-12-04T12:32:21Z
3yZfN74MtVU,UgzyPBK9I03Tkmdu6QR4AaABAg,@징징-w4p,1년에 한번씩 다같이 문학에 모여서 눈싸움을 하는 행사가 있으면 좋겠어요,67,2024-12-04T12:18:06Z
3yZfN74MtVU,UgzOPSqcckHuWLc2lwB4AaABAg,@Jin_stone,지환이랑 눈싸움 하고싶다,0,2024-12-04T11:46:49Z
3yZfN74MtVU,UgwphwVUuwGKBbjla_F4AaABAg,@육지거북당당이와고양,귀욥 😂,1,2024-12-04T11:03:39Z
3yZfN74MtVU,UgzCq7VlMGOuyaKcLZN4AaABAg,@user-on9ru3ts6b,ㅎㅎㅎㅎㅎㅎㅎㅎㅎㅎㅎㅎ,1,2024-12-04T10:53:25Z
3yZfN74MtVU,UgxRYwc2uEuXRAh0bXh4AaABAg,@nyang3t,ㅌㅋㅋㅋㅋㅋㅋㅋ 뜰?,0,2024-12-04T10:52:36Z
3yZfN74MtVU,Ugxf_MCroRX4yJz2THN4AaABAg,@Yn.xg1,하 진짜 어린이 너무 귀여워 ㅠㅠ,15,2024-12-04T10:41:38Z
3yZfN74MtVU,UgyXRKS0sWzaKJHHr254AaABAg,@illlliilllllllll,박박키스톤 그만 웃겨ㅋㅋㅋㅋㅋ,7,2024-12-04T10:36:45Z
3yZfN74MtVU,UgxCO8NNDUDM6QRz03N4AaABAg,@덩미-v6e,성한지환 둘다 너무 귀여웝,1,2024-12-04T10:34:48Z
3yZfN74MtVU,Ugz_tqYIfBS1WUUtZsx4AaABAg,@seramiho1113,앞치마는 뭔일루 🥰,1,2024-12-04T10:30:20Z
3yZfN74MtVU,UgyJ5XTwJfgwVz8E8ER4AaABAg,@Rubber___duck,박지환 나와! 맞짱 뜨자!!,3,2024-12-04T10:28:46Z
3yZfN74MtVU,UgwPmrhOfnG9wIro3gx4AaABAg,@youvely_0831,눈덩이 크기 왜캐옹졸ㅋㅋㅋㄱㅋㄱㅋㅋㄱㅋㄱㅋㅋ,352,2024-12-04T10:16:30Z
3yZfN74MtVU,UgwUekBMHeKRiaMVBxp4AaABAg,@ansgud,이 기회에 선수들끼리 진짜 😳 싸움 컨텐츠 어때요ㅋㅋ,2,2024-12-04T10:14:08Z
3yZfN74MtVU,UgxW1TzcsdWJli59jHh4AaABAg,@LOVE.for.you..b,옆에서 잔소리 하는 박성한 ㅋㅋㅋㅋ,6,2024-12-04T10:06:23Z
3yZfN74MtVU,UgwU1MIishAeCCkFKiV4AaABAg,@간i작살,눈이 너무 옹졸해서 웃김,1,2024-12-04T10:03:15Z
3yZfN74MtVU,UgzwCF7xYMoORhlb_W14AaABAg,@gailcha6466,어? 이거 해도 되겠는데?,1,2024-12-04T10:02:07Z
3yZfN74MtVU,Ugx3G8mNxD4W3BUQVud4AaABAg,@74으쓱이,그라운드에 눈 엄청났겠는데요~ 선수들 민지전처럼  눈싸움 하는 컨텐츠 해주세요,4,2024-12-04T10:00:46Z
3yZfN74MtVU,UgwgaaVQiEfdk26DfU14AaABAg,@먕먕7813,그야.. 어린이는.. 투수가 아니니까요.. ㅎㅎ,1,2024-12-04T10:00:37Z
3yZfN74MtVU,Ugyz2RMsWZJSU56LWTh4AaABAg,@리전무오빠,지환이는 눈싸움하면 맞기만 하겠다 ㅋㅋㅋㅋㅋㅋ,4,2024-12-04T09:57:01Z
3yZfN74MtVU,Ugxd_q6KyCkrdkPMAfV4AaABAg,@lye20626,눈싸움 각이다~~~ 댐벼~!!ㅋㅋ,2,2024-12-04T09:50:45Z
3yZfN74MtVU,UgzuhvXyWmNNqrtSXXl4AaABAg,@푸링비,랜더스 악플러 공유박…..,0,2024-12-04T09:45:36Z
3yZfN74MtVU,Ugw1iVfQXy4TB1L2eEd4AaABAg,@sunJ84,어린이라 그래요ㅎㅎㅎ,0,2024-12-04T09:43:06Z
3yZfN74MtVU,Ugxnd6WjeQUQJWCdTCx4AaABAg,@공진규-f1p,곰유박 요즘 말이 많아졌어 ㅋㅋㅋㅋㅋㅋㅋ,17,2024-12-04T09:41:46Z
3yZfN74MtVU,UgzHDOc9k7J8IBz5uM14AaABAg,@WW-zl1wg,옆에서 계속 깐족깐족ㅋㅋㅋㅋ천유박이 시범 좀 보여주지😋,33,2024-12-04T09:39:46Z
3yZfN74MtVU,UgyjErzB-noEYlHUHyd4AaABAg,@차차-g4b8j,귀엽다❤,2,2024-12-04T09:36:44Z
3yZfN74MtVU,UgzF3xYTO_RQb6txXkJ4AaABAg,@se0._.yy2,아 골유박이 던지는 것도 보고 싶었는데 (사실 박성한도 놀리고 싶어서ㅋㅋㅋㅋㅋ),43,2024-12-04T09:36:38Z
3yZfN74MtVU,Ugzn7TBFFLDZ3vBtQ054AaABAg,@공주-c6f,지환이 너무 귀여웤ㅋㅋㅋㅋㅋㅋ야 박성한 너가 해봐,20,2024-12-04T09:32:24Z
3yZfN74MtVU,Ugzq8-ve6_PFek0lDsB4AaABAg,@겨울뉴런,지환이는 내가 이기겠다 꺄륵,1,2024-12-04T09:29:18Z
3yZfN74MtVU,UgynQRrMqFl5iDnjSWp4AaABAg,@여르밍-x6h,하 박성한 잔소리 ㅠㅠ 허세곰돌이가 따로 없음,15,2024-12-04T09:25:07Z
3yZfN74MtVU,UgwTbMX64BAajh_oxyp4AaABAg,@2020hoon,지환아 두둑히 옷입고 다녀 또 감기걸려서 아플래😓,2,2024-12-04T09:24:45Z
3yZfN74MtVU,UgzNy73J-Hn2e4JmsXF4AaABAg,@dodkdkdksk89,박박키스톤이 와이리 귀여워,8,2024-12-04T09:23:38Z
3yZfN74MtVU,UgwTpeF7fVfgEOSO2dp4AaABAg,@달보드레하루,ㅋㅋㅋㅋㅋㅋㅋ어린이도 웃기고 랜디뭐라하는 유박이도 웃기고,5,2024-12-04T09:23:25Z
3yZfN74MtVU,UgwzU5fmo2qSl1MgPGN4AaABAg,@stella-mb3eg,ㅋㅋㅋㅋㅋㅋ곰유박 잔소리가 더 웃곀ㅋㅋㅋㅋㅋㅋ,472,2024-12-04T09:22:37Z
3yZfN74MtVU,Ugz4MIwqIbmUjnyifX54AaABAg,@황민호바라기,지환아 ㅠㅠㅠ 해줘 ㅠ,0,2024-12-04T09:19:55Z
3yZfN74MtVU,UgzN3ihYKDshG9C0xnp4AaABAg,@Mieummieum21,아 ㅜㅜㅜㅋㅋㅋㅋㅋㅋㅋㅋㅋㅋㅋㅋㅋㅋㅋㅋㅋㅋㅋㅋ 아니 근데 옆에서 한마디씩 치고 들어오는 성한선수가 더웃김ㅋㅋㅋ 성한선수는 안했나요?ㅋㅋㅋㅋㅋㅋㅋ,928,2024-12-04T09:17:32Z
3yZfN74MtVU,UgzBViTXrSPUfhX6E2Z4AaABAg,@user-lz8xt7qr2t,지환이는 야수자나~~~~,1,2024-12-04T09:16:55Z
3yZfN74MtVU,UgzvXhd94gNm66Almnd4AaABAg,@skydodo4423,아..제목 안되는 이유인줄 알고 감탄할 준비하고 있었는데...마지막에 냅다 패대기...ㅋㅋㅋ,175,2024-12-04T09:15:17Z
3yZfN74MtVU,UgwcPpr4xjdL7W5RnNh4AaABAg,@user-yj4wi7pd3c,ㅋㅋㅋㅋㄱㅋㅋㄱㄱㅋㅋ,1,2024-12-04T09:15:04Z
3yZfN74MtVU,UgzjjJ5o1lk_f-xBnMV4AaABAg,@min_k19,헐 뭐야 ㅋㅋㅋㅋㅋㅋㅋ 역시 MZ는 다르구먼 근데 어색해 귀여워 ㅋㅋㅋㅋㅋ,6,2024-12-04T09:13:28Z
3yZfN74MtVU,UgxvgBLetuvuKsJkiEV4AaABAg,@yeye-d4g,점점 거리가 짧아진다 지환아 ㅋㅋㅋㅋㅋㅋㅋㅋㅋ,58,2024-12-04T09:12:24Z
3yZfN74MtVU,Ugwa6ech5ogJ6CoAYVZ4AaABAg,@thekimyoin,ㅋㅋㅋㅋㅋㅋㅋㅋㅋㅋ박성한의 잔소리,114,2024-12-04T09:11:51Z
3yZfN74MtVU,Ugw_ZyHdZf8OJd2Bljl4AaABAg,@drmk6851,박성한 ❤ 박지환 ❤,6,2024-12-04T09:10:07Z
3yZfN74MtVU,UgwoZTHs3lzPODOrTXV4AaABAg,@Dw-cj4cp,문학열어 눈싸움 하자ㅋㅋㅋㅋㅋㅋ,1694,2024-12-04T09:08:19Z
3yZfN74MtVU,UgyHXQw3GWJCYr-efF94AaABAg,@이팅-v6y,"다 야구선수랑 눈싸움 해도 되는 줄 알잖아
ㅋㅋㅋㅋㅋㅋㅋㅋㅋㅋㅋㅋㅋㅋㅋㅋㅋㅋㅋㅋㅋㅋㅋㅋㅋㅋㅋㅋㅋㅋㅋㅋㅋㅋㅋㅋ",273,2024-12-04T09:06:40Z
3yZfN74MtVU,Ugw20RBQe6cQOqH897N4AaABAg,@lshf8q,3트에 잘 들어보면 쓱튭웅니가 더 잘하겠다고 말함ㅋㅋㅋㅋㅋㅋㅋㅋㅋ,14,2024-12-04T09:06:24Z
3yZfN74MtVU,UgzR3jfdTL074_P_NaV4AaABAg,@작소벱리다,ㅋㄱㅋㅋㅋㅋㅋ쓱스타에 올라왔을때 릴스를 너무 많이 봤나하고서 넘어갔었는데 슈퍼루키였었넼ㅋㅋㅋㅋㅋㅋㅋㅋ,84,2024-12-04T09:05:38Z
3yZfN74MtVU,UgzxpuWPf4e7uCU4M4x4AaABAg,@natbaam,ㅋㅋㅋㅋㅋㅋ 우리 골유박이 더 신난것 같은,13,2024-12-04T09:04:42Z
3yZfN74MtVU,Ugy6lfcOkF1FfYrk_Up4AaABAg,@meonjiskoko,눈싸움 레쓰고,3,2024-12-04T09:04:34Z
3yZfN74MtVU,UgyTcaJQaRjTGvWNACt4AaABAg,@신지수-e9u,눈싸움 합시다!!!,0,2024-12-04T09:04:27Z
